Ticker,ESG_Score,Avg_Sentiment,Avg_Sentiment_Vol,Avg_Sharpe,Avg_Volatility,n_months,Avg_Vol_Regime,ESG_Score_norm,Sentiment_norm,Greenwashing_Index,GW_Category
A,1090.7558139534883,0.028143598317648875,0.0,0.6805726116130743,0.017096585278012943,86,0.9995562593701927,0.5516745629799051,0.474577442713197,0.07709712026670812,Aligned
AAPL,824.6511627906976,0.0645611384689788,0.0,1.4464950642909207,0.017420671056387647,86,0.9809018875237407,0.17779774546642702,0.6785504730639029,-0.5007527275974759,Outperformer
ABBV,990.7790697674419,0.022897325441900266,0.0,1.1698247452140698,0.014796581105854238,86,1.0148311754030666,0.41120731906551233,0.44519330056448364,-0.03398598149897131,Aligned
ABT,1373.6511627906978,0.01626717757436018,0.0,0.6516713416221533,0.01445906353604166,86,1.0143849292401166,0.9491422970102927,0.4080581358445229,0.5410841611657699,High Risk
ACGL,833.0348837209302,0.0018778394449091992,0.0,1.3580815261153723,0.016440711181561533,86,1.005737716112986,0.18957686652507766,0.3274640899312409,-0.13788722340616322,Aligned
ACN,932.6395348837209,0.009266328327524373,0.0,0.8874114072056499,0.016524846396349956,86,1.055647620072402,0.3295213200457441,0.3688466891083707,-0.039325369062626625,Aligned
ADBE,722.3139534883721,-0.0415731139844552,0.0,0.7859998463699619,0.020088011367373225,86,0.9610030998018129,0.03401404999183155,0.08409722314709886,-0.05008317315526731,Aligned
ADI,703.0697674418604,0.05243783102111962,0.0,0.8019328273592625,0.020135570641786085,86,1.0112251739053066,0.0069759843162882085,0.6106483646914675,-0.6036723803751793,Outperformer
ADM,822.5813953488372,-0.0015903599351538083,0.0,0.608810550481447,0.016870835263355283,86,1.0488797210921543,0.1748897239013234,0.30803885872473236,-0.13314913482340895,Aligned
ADP,934.8023255813954,0.01572535518707033,0.0,0.8923114263417381,0.014180966072955025,86,1.0224189746702523,0.33256003920927957,0.4050234126372958,-0.07246337342801623,Aligned
ADSK,878.6976744186046,-0.001408679416865336,0.0,0.7107192126620191,0.02132397603933213,86,0.9980802112517023,0.2537330501552033,0.30905644326550574,-0.05532339311030243,Aligned
AEE,1126.3720930232557,0.05250672730876056,0.0,0.7958900543086354,0.012569707331058295,86,1.0042868820550408,0.601715405979415,0.611034249748823,-0.009318843769408058,Aligned
AEP,938.8372093023256,0.03976324317655372,0.0,1.0418966215105105,0.012683431572741962,86,1.0108988452666807,0.3382290475412515,0.5396585592197238,-0.20142951167847234,Outperformer
AES,1315.2674418604652,0.010103570466588465,0.0,0.435601186447013,0.021468610600896013,86,0.999975496560544,0.8671132167946416,0.37353604526841255,0.49357717152622904,High Risk
AFL,1213.4883720930231,0.03630326478328401,0.0,1.0224953182924639,0.014417280314401742,86,0.9957783904554621,0.7241137069106354,0.5202793733963393,0.20383433351429603,Moderate Risk
AIG,733.5232558139535,-0.005104420489992355,0.0,0.8565479698589262,0.018466409326274958,86,0.99025521409369,0.049763110602842664,0.28835676110836916,-0.2385936505055265,Outperformer
AIZ,1243.6744186046512,0.023802366422380948,0.0,1.0470348991198266,0.015380527308979123,86,0.9817828458250382,0.7665250776016992,0.4502623950341571,0.3162626825675421,Moderate Risk
AJG,747.8837209302326,0.010183055063419237,0.0,1.2016144379319265,0.013860649035667902,86,1.0359873220497333,0.06993955236072535,0.37398123497684443,-0.3040416826161191,Outperformer
AKAM,1291.6627906976744,0.011375507474616782,0.0,0.6786039259255815,0.017367212394920548,86,0.9822148707544535,0.8339487011926157,0.3806601081475818,0.4532885930450339,High Risk
ALB,843.0232558139535,0.0353622329891115,0.0,0.36854517167163703,0.03108645483649968,86,1.0071541848972514,0.20361052115667366,0.5150086959723257,-0.311398174815652,Outperformer
ALGN,801.8488372093024,-0.027748089268089426,0.0,0.3328585701186163,0.030918935804411424,86,1.0307084889352411,0.1457604966508741,0.1615305746132482,-0.01577007796237412,Aligned
ALL,762.9302325581396,0.03421381473158256,0.0,1.039067438048698,0.015345898922713774,86,1.004284942987702,0.09107988890704144,0.5085764561470968,-0.41749656724005535,Outperformer
ALLE,1089.4651162790697,0.007149814827954082,0.0,0.5194868097005285,0.016582864502595995,86,1.0156780360804971,0.5498611338016663,0.356992190685589,0.19286894311607733,Moderate Risk
AMAT,1362.406976744186,0.03631779792165231,0.0,1.0211009380227936,0.026755580709199055,86,1.0135794484591738,0.9333442247998693,0.5203607728610251,0.4129834519388442,High Risk
AMCR,809.7674418604652,0.006909263561670577,0.0,0.35095152158411164,0.015466957949813872,86,0.9856325440868741,0.15688612971736648,0.35564487369123254,-0.19875874397386606,Outperformer
AMD,829.8488372093024,-0.007332706319730503,0.0,0.8576690976500195,0.032018882441055906,86,0.979812256645938,0.18510047377879446,0.27587623081196394,-0.09077575703316948,Aligned
AME,834.3023255813954,0.036661203121575905,0.0,1.1644358830362793,0.014091780896285582,86,0.9971523700294496,0.1913576213037087,0.5222841701848294,-0.3309265488811207,Outperformer
AMGN,1298.7441860465117,0.02077777009671903,0.0,0.37826857391804264,0.014618156071368953,86,0.9806469599429442,0.8438980558732234,0.4333217648990836,0.41057629097413983,High Risk
AMP,1239.8837209302326,0.011197049789352253,0.0,1.1320915981529716,0.018745054032241505,86,1.0003372460241984,0.7611991504656104,0.3796605745519156,0.3815385759136948,High Risk
AMT,1003.9418604651163,0.010517971875324878,0.0,0.6009062331569961,0.016104765066686823,86,1.0110163450852063,0.42970102924358766,0.3758570892151021,0.05384394002848558,Aligned
AMZN,1316.9883720930231,0.049452203239581424,0.0,0.6360791898815645,0.020007141411081068,86,0.9913002255507211,0.8695311223656266,0.5939259956470728,0.27560512671855375,Moderate Risk
ANET,1285.4302325581396,0.05219022606646102,0.0,1.1986685649077728,0.026187189943086307,86,0.9828107953751385,0.8251919620976966,0.6092615403007566,0.21593042179694,Moderate Risk
AON,1276.1046511627908,0.012623967234891299,0.0,0.9083246119924816,0.014589757479888789,86,1.0312075941291214,0.8120895278549258,0.38765267600131176,0.42443685185361407,High Risk
AOS,1079.3139534883721,-0.027578740143235723,0.0,0.17107280728042285,0.01746815882915021,86,1.0125212636496392,0.535598758372815,0.16247909156524745,0.3731196668075676,High Risk
APA,1298.1162790697674,-0.003332044443308678,0.0,0.22677263846905796,0.033934197790430595,86,0.9782775832675537,0.8430158470838098,0.29828376089091413,0.5447320861928957,High Risk
APD,1218.4651162790697,0.01024406948192389,0.0,0.8223644339264545,0.015356995276543122,86,0.9740541893458271,0.7311060284267277,0.3743229740340615,0.35678305439266617,High Risk
APH,1303.093023255814,0.06893870126779869,0.0,1.4790451428938514,0.01695182109779483,86,1.0506118592096714,0.8500081685999021,0.7030690085255356,0.14693916007436658,Aligned
APO,1073.7790697674418,0.0169838143558183,0.0,1.0057945938772048,0.022897846742699277,86,1.0032322293551161,0.527822251266133,0.41207198673525774,0.11575026453087528,Aligned
APTV,1299.0,0.02971323084677239,0.0,0.42466189084093475,0.024112034743347,86,0.9943403481278228,0.8442574742689104,0.4833688850284099,0.3608885892405005,High Risk
ARE,1361.360465116279,-0.02445769873264725,0.0,0.3805869154094319,0.017437840550842257,86,1.0377352034301406,0.9318738768175137,0.17995990635181466,0.751913970465699,High Risk
ARES,760.2325581395348,0.0661058130266123,0.0,1.3584837918476604,0.020932349686877495,86,1.0172997021819632,0.08728965855252402,0.6872021268855748,-0.5999124683330508,Outperformer
ATO,1018.2558139534884,0.07603239867870105,0.0,0.9386099967435425,0.012535849142717442,86,1.0103484175804283,0.44981212220225464,0.7428004937186636,-0.292988371516409,Outperformer
AVB,967.9651162790698,-0.010328628707949202,0.0,0.640028377043863,0.014550872402183574,86,1.0123222562530996,0.3791537330501553,0.25909620213124657,0.12005753091890875,Aligned
AVGO,1104.1279069767443,0.05499812154981149,0.0,1.2311548539357093,0.023463948567795802,86,1.0046375854980445,0.5704623427544522,0.6249884386103927,-0.05452609585594048,Aligned
AVY,833.4186046511628,-0.005419003536690176,0.0,0.8466450189265522,0.016596773107140413,86,1.029833612194491,0.19011599411860813,0.2865947953889583,-0.09647880127035019,Aligned
AWK,924.2558139534884,0.003274147808461543,0.0,0.4899851426773924,0.014236813609894679,86,1.0129250665616056,0.31774219898709366,0.33528475126735274,-0.017542552280259083,Aligned
AXON,1130.7093023255813,0.020199861124485376,0.0,1.0739289487145516,0.027907640457584818,86,0.9699520675982302,0.6078091815062898,0.43008492232697326,0.17772425917931656,Moderate Risk
AXP,925.0581395348837,0.08378129786593087,0.0,0.9226900510177841,0.019001975784264914,86,1.0315935898135322,0.31886946577356645,0.7862017350582347,-0.4673322692846682,Outperformer
AZO,906.2325581395348,0.03433112570779581,0.0,0.8858898917696596,0.01523689930301726,86,1.0239078600010345,0.2924195392909654,0.5092335097320502,-0.21681397044108475,Outperformer
BA,747.1279069767442,-0.0007175051271206758,0.0,0.2084440762401364,0.024545345916795764,86,1.0041558760220155,0.06887763437346828,0.31292767986726083,-0.24405004549379256,Outperformer
BAC,1121.5232558139535,0.06013032761916016,0.0,0.7313059795026476,0.017727732423019074,86,0.9827863723989934,0.5949027936611666,0.6537336976256725,-0.058830903964505854,Aligned
BALL,707.0232558139535,-0.0005450748682642131,0.0,0.7647047437599205,0.0175604699923918,86,1.0012351274159759,0.012530632249632356,0.31389345411442193,-0.3013628218647896,Outperformer
BAX,810.453488372093,-0.045200262895575896,0.0,0.011160513179611963,0.017769560927367898,86,1.0198485140089255,0.15785002450579966,0.06378172265310039,0.09406830185269927,Aligned
BBY,1225.8953488372092,0.024337393275501065,0.0,0.3331784470946102,0.022927762409308595,86,1.02307460774682,0.7415454991014541,0.45325905675530653,0.28828644234614753,Moderate Risk
BDX,1129.5697674418604,0.012465133122498195,0.0,0.4996947348886196,0.013984146623805939,86,0.9710724270848914,0.6062081359255025,0.3867630531686531,0.21944508275684937,Moderate Risk
BEN,1368.7558139534883,-0.0059635661205572465,0.0,0.08345432739912914,0.020477857865317837,86,0.9911927247518988,0.942264335892828,0.28354472446199813,0.6587196114308298,High Risk
BF-B,830.5232558139535,-0.01470983827815224,0.0,-0.022466778553202508,0.01605895911144711,86,0.9935043895917627,0.18604803136742354,0.2345572412645228,-0.048509209897099254,Aligned
BG,1004.8372093023256,0.0031321047279842776,0.0,0.5851489522139423,0.01860449971767476,86,1.0162319988450994,0.4309589936284921,0.334489174261193,0.09646981936729909,Aligned
BIIB,1050.9302325581396,-0.005535695045408872,0.0,-0.24183500143486156,0.02276126853550395,86,1.0331958402188028,0.49571965365136417,0.2859412114140209,0.20977844223734327,Moderate Risk
BK,872.0813953488372,0.12195304480921235,0.0,1.1925692348309276,0.016119712645546916,86,0.9821790816652611,0.2444371834667538,1.0,-0.7555628165332462,Outperformer
BKNG,1240.1511627906978,0.03418505482793125,0.0,0.826518155077067,0.01980033773243548,86,1.0093803910767531,0.7615749060611012,0.5084153731998143,0.2531595328612869,Moderate Risk
BKR,1035.1744186046512,0.06748054536518354,0.0,0.6900290041253746,0.023124480079807753,86,0.9935867475915399,0.47358274791700716,0.6949019418608388,-0.2213191939438316,Outperformer
BLDR,1283.8139534883721,-0.030706100978974197,0.0,0.984103045449104,0.0285210476086223,86,0.9947739749540124,0.8229210913249472,0.14496288195814697,0.6779582093668002,High Risk
BLK,734.4767441860465,0.052584749177877026,0.0,0.8497754593506045,0.015989415105665875,86,0.9886796354886794,0.051102760986766915,0.6114712467840753,-0.5603684857973084,Outperformer
BMY,791.5,0.02536782965083551,0.0,0.26467685504502164,0.014658725316681965,86,1.0133139872242856,0.13122038882535536,0.459030485280879,-0.3278100964555236,Outperformer
BR,1114.8837209302326,0.024901105843090618,0.0,0.8292496836160338,0.013982599799400973,86,0.9873699186596498,0.5855742525731091,0.4564163858934147,0.12915786667969442,Aligned
BRK-B,1191.5,0.023095729835736434,0.0,0.9486060364259684,0.010994459032025656,86,0.9779801102801059,0.6932200620813593,0.44630455479191067,0.24691550728944867,Moderate Risk
BRO,1382.953488372093,-0.03790540764616204,0.0,1.1658950549066232,0.014916364511869104,86,1.0572795811168094,0.9622120568534553,0.10463988399539964,0.8575721728580556,High Risk
BSX,880.5116279069767,0.024785517318285575,0.0,1.2136867459648302,0.015667405527963002,86,1.0119785378139148,0.25628165332462016,0.4557689796825537,-0.19948732635793354,Outperformer
BX,828.5697674418604,0.02908080828739232,0.0,1.2626502718454171,0.02191834838143276,86,1.0051521931158918,0.18330338180035932,0.4798267142677582,-0.29652333246739887,Outperformer
BXP,1254.7558139534883,-0.0128285896517473,0.0,0.15693132531109244,0.019973992119361437,86,1.0132511325578055,0.7820944290148668,0.2450940315467985,0.5370003974680683,High Risk
C,936.3139534883721,0.07935286782954636,0.0,0.7051410580291462,0.019026680610914608,86,0.9921805011722907,0.3346838751837935,0.761398294450661,-0.4267144192668675,Outperformer
CAG,1151.4302325581396,-0.04825846313660077,0.0,0.2343043823271139,0.015935847245397997,86,0.9935762042014684,0.6369220715569353,0.04665287847556959,0.5902691930813657,High Risk
CAH,1027.7209302325582,0.0914138060783618,0.0,1.1268145806221506,0.016410916004398788,86,0.9662613579103102,0.4631106028426728,0.8289510757000498,-0.365840472857377,Outperformer
CAT,1126.8255813953488,0.022413877050354178,0.0,0.872258202480137,0.01864300627063901,86,0.99634970107591,0.6023525567717694,0.44248552752346926,0.1598670292483001,Moderate Risk
CB,931.1046511627907,0.053065275831999416,0.0,1.1280205290920415,0.014259357529320638,86,1.0063981900657633,0.3273648096716222,0.6141626553031114,-0.28679784563148925,Outperformer
CBOE,1307.8255813953488,0.0518847336195078,0.0,1.0906417113786733,0.014669453671502493,86,0.981188325351541,0.8566574089201111,0.6075504906281162,0.24910691829199494,Moderate Risk
CBRE,1015.1046511627907,0.039450690022192675,0.0,1.1026584957519912,0.01998787537604739,86,1.0272568658388181,0.44538474105538306,0.5379079628374372,-0.09252322178205419,Aligned
CCI,1003.8720930232558,0.0011447220985083962,0.0,0.4790047336416386,0.016032216108103466,86,1.023622324755764,0.429603006044764,0.3233579321257808,0.10624507391898319,Aligned
CCL,1207.139534883721,0.06065702187478987,0.0,0.3174159115822077,0.035097328553392565,86,1.0429681018568349,0.7151935958176769,0.6566836888371239,0.05850990698055303,Aligned
CDNS,1020.4186046511628,-0.0006811307185395,0.0,1.3206965043721433,0.021412733325167802,86,1.0192336399899828,0.4528508413657899,0.3131314113195964,0.13971943004619353,Aligned
CDW,1247.1627906976744,-0.052515691690816504,0.0,0.5010014729076345,0.01798165648926946,86,0.9976637991526633,0.7714262375428851,0.022808329791321746,0.7486179077515633,High Risk
CF,725.1976744186046,-0.002332468928931201,0.0,0.500193288841339,0.022892062317938666,86,0.9765496239379656,0.03806567554321183,0.30388233910033485,-0.265816663557123,Outperformer
CFG,1311.3255813953488,0.08489792942131542,0.0,0.8712279023881683,0.022617946753943522,86,0.9939024180417727,0.8615749060611011,0.7924559389718038,0.06911896708929732,Aligned
CHD,730.3139534883721,-0.0012961267394877678,0.0,0.7117797472416023,0.013304460339243977,86,1.0156843275887983,0.0452540434569515,0.3096868458293085,-0.264432802372357,Outperformer
CHRW,967.2441860465116,0.07909946204319125,0.0,0.46373178087372524,0.01829571909508625,86,1.0278257450952046,0.3781408266623101,0.759978979858394,-0.38183815319608394,Outperformer
CHTR,1119.1860465116279,0.0028100323464118407,0.0,0.3037765886155462,0.020275956984925313,86,1.0430090476613296,0.5916190165005719,0.3326852611086678,0.2589337553919041,Moderate Risk
CI,853.4651162790698,-0.021933345008696405,0.0,0.3882409896728386,0.018417166903104264,86,0.999271966020022,0.21828132658062405,0.19409869981814215,0.024182626762481896,Aligned
CIEN,1033.1860465116279,0.08575711224557518,0.0,1.09441928809929,0.02464247208064538,86,0.9692296051066506,0.4707890867505309,0.7972681839384134,-0.3264790971878825,Outperformer
CINF,766.6976744186046,0.07156764360871125,0.0,0.8410956114371704,0.017537553363974608,86,1.018539199548803,0.09637314164352229,0.7177935982058088,-0.6214204565622865,Outperformer
CL,1044.639534883721,0.016189571955136598,0.0,0.8489264512889781,0.011726019768981084,86,1.0328933807455158,0.4868812285574253,0.4076234702064952,0.07925775835093013,Aligned
CLX,1131.453488372093,-0.02781547970349014,0.0,0.2282880768259899,0.014566204931820016,86,0.9745776710509981,0.608854762293743,0.16115312376763322,0.4477016385261098,High Risk
CMCSA,838.7790697674419,-0.004619600151438879,0.0,0.2512032394117015,0.016148787612263238,86,1.0253427252632108,0.1976474432282307,0.2910722183638422,-0.09342477513561148,Aligned
CME,841.1860465116279,0.05328411312703604,0.0,0.7970966698688009,0.01356303074932176,86,0.9963229635292551,0.20102924358764906,0.6153883533056916,-0.4143591097180426,Outperformer
CMG,1256.0813953488373,0.00262343614724086,0.0,0.9988776879915138,0.020704233629085165,86,1.0474287417932056,0.7839568697925179,0.33164014405686604,0.45231672573565185,High Risk
CMI,1143.406976744186,0.06675074543344285,0.0,0.6972914511891202,0.01675176995815183,86,1.0018286854464626,0.6256494036922073,0.6908143647480434,-0.06516496105583602,Aligned
CMS,820.3255813953489,0.04036427708195595,0.0,0.8956958888464842,0.012362536266176442,86,1.0032972110796132,0.1717203071393565,0.543024923518877,-0.3713046163795205,Outperformer
CNC,828.5930232558139,-0.022948769084332146,0.0,-0.08751421963407759,0.022162664084756267,86,1.003264460395878,0.1833360561999673,0.18841135451865676,-0.00507529831868947,Aligned
CNP,1215.453488372093,0.0604436421239768,0.0,0.7218359211831856,0.014402023344222772,86,0.9964249655683797,0.7268746936775037,0.6554885582981593,0.07138613537934435,Aligned
COF,1226.0581395348838,0.05952782811692781,0.0,0.8979199902114379,0.022666158001914627,86,1.0288809211002772,0.7417742198987096,0.6503591245835492,0.09141509531516046,Aligned
COHR,1384.8139534883721,0.06881738999753716,0.0,0.772009209393415,0.03275681329120254,86,0.9737480562101235,0.9648260088220881,0.7023895494706922,0.2624364593513959,Moderate Risk
COO,1120.0581395348838,0.004939376628524846,0.0,0.456134090453811,0.016811777506584375,86,0.9921338065251532,0.5928443064858686,0.34461162417651153,0.24823268230935708,Moderate Risk
COP,1114.2325581395348,-0.03902861629365453,0.0,0.4518026705284552,0.02217694008253605,86,1.0039445461808265,0.5846593693840876,0.09834884208007152,0.486310527304016,High Risk
COR,1018.7790697674419,0.060455421871247424,0.0,1.3442668213087674,0.014666261650893854,86,0.9853229524122658,0.4505472961934325,0.655554536141187,-0.2050072399477545,Outperformer
COST,1150.5232558139535,0.016867730736371697,0.0,1.3408179953806014,0.012911449042334898,86,0.9836109346675795,0.6356477699722269,0.4114218075212249,0.22422596245100201,Moderate Risk
CPAY,741.0813953488372,0.015716134974267146,0.0,0.5043547161711383,0.01918805386762024,86,0.9991342344682271,0.06038229047541255,0.4049717706335216,-0.34458948015810903,Outperformer
CPB,914.6744186046511,-0.03773788710457495,0.0,-0.007554139874150892,0.014887582866612578,86,0.9957056588837814,0.3042803463486359,0.10557815913346558,0.1987021872151703,Moderate Risk
CPRT,723.4883720930233,-0.03206545673025806,0.0,1.111052833688127,0.01643686171469602,86,1.0109349503818459,0.03566410717203072,0.13734919056762881,-0.10168508339559809,Aligned
CPT,1242.2325581395348,0.030279140473324948,0.0,0.7518998560552685,0.01444765893007078,86,1.0071286483780573,0.7644992648260089,0.4865385197965162,0.27796074502949275,Moderate Risk
CRH,795.0232558139535,0.039034215538954614,0.0,1.131314871440783,0.018104673612355383,86,0.9941788049881398,0.13617056036595332,0.5355753076922295,-0.3994047473262762,Outperformer
CRL,950.1279069767442,0.004243510930958443,0.0,0.7077455726277367,0.022648489458265173,86,0.9915570770080082,0.3540924685508904,0.34071411120721384,0.013378357343676539,Aligned
CRM,1220.1162790697674,-0.03770240988357386,0.0,0.6107259641950017,0.021688649967187595,86,1.0030655727078142,0.7334259107988892,0.1057768654778794,0.6276490453210097,High Risk
CSCO,941.2906976744187,0.06112890017632652,0.0,0.763591410871647,0.01483332054659251,86,1.001055325528609,0.3416761966998858,0.6593266583161501,-0.3176504616162643,Outperformer
CSGP,1003.1976744186046,-0.030256239248726426,0.0,0.4944151971158448,0.02103640905642252,86,1.0466968956503249,0.4286554484561347,0.1474825375959564,0.28117291086017826,Moderate Risk
CSX,1368.5116279069769,0.023457848540711115,0.0,0.6756999521054704,0.015325710517401772,86,0.9940171949771486,0.9419212546969453,0.44833276562914537,0.49358848906779995,High Risk
CTAS,734.5697674418604,0.02623476236330486,0.0,1.3734123043933808,0.015531052712655648,86,1.0076011072208357,0.051233458585198566,0.4638861370282986,-0.41265267844310005,Outperformer
CTRA,984.5813953488372,0.027079504208657165,0.0,0.2346802256929167,0.021759167210283238,86,0.997137655985241,0.4024995915700049,0.4686174987112832,-0.0661179071412783,Aligned
CTSH,1187.9418604651162,0.010172914248765612,0.0,0.4161121528836964,0.016194861543828782,86,0.9901888593656814,0.6882208789413493,0.37392443672285663,0.3142964422184927,Moderate Risk
CVNA,1054.6976744186047,0.08277090147223351,0.0,0.8808120346922781,0.056075397417685115,86,1.014780247410477,0.5010129063878452,0.7805425495827337,-0.2795296431948885,Outperformer
CVS,792.2558139534884,0.01013476819201908,0.0,0.11180761851757719,0.017021224234570004,86,0.9795883915787125,0.13228230681261244,0.3737107823475697,-0.24142847553495728,Outperformer
CVX,703.4186046511628,0.011353238956175009,0.0,0.5684423595891427,0.01709025256853959,86,1.00852918687395,0.007466100310406842,0.38053538316151425,-0.3730692828511074,Outperformer
D,915.0697674418604,0.06167768514470799,0.0,0.4992244970579322,0.013815458948970029,86,1.0064588729343293,0.3048358111419702,0.66240037863187,-0.35756456748989973,Outperformer
DAL,731.5930232558139,0.041705293333712506,0.0,0.41091181322843456,0.02446167718925845,86,0.9944254556766562,0.047051135435386415,0.550535896184348,-0.5034847607489615,Outperformer
DD,1041.2558139534883,0.06596496005656366,0.0,0.4817516599403978,0.01877394239673196,86,0.9776173330470106,0.48212710341447473,0.686413215635245,-0.2042861122207703,Outperformer
DE,1035.2790697674418,0.0114919916085104,0.0,0.7734383793869617,0.018613223140633704,86,1.0218089570659858,0.4737297827152427,0.38131253062530346,0.09241725208993923,Aligned
DECK,934.8372093023256,0.029460055948974814,0.0,1.183831588491991,0.026932716999678898,86,1.06259520224889,0.3326090508086914,0.4819508636327332,-0.1493418128240418,Aligned
DELL,1048.3372093023256,0.004361557857292615,0.0,0.9002228055529164,0.025915522320519666,86,1.032996483642409,0.4920764580950827,0.3413752868162174,0.1507011712788653,Moderate Risk
DG,770.7674418604652,-0.025478721493130525,0.0,0.4162641243557981,0.018467569283969316,86,1.0315804615788309,0.10209116157490605,0.17424120306632623,-0.07215004149142018,Aligned
DGX,1034.8488372093022,0.05686051274887887,0.0,0.8798700508281587,0.014672858799258615,86,1.0320016873680786,0.4731253063224963,0.6354196092768822,-0.16229430295438596,Outperformer
DHI,1118.8023255813953,-0.0006423259966881821,0.0,0.7796803220890702,0.02235794624749064,86,1.0091154623235061,0.5910798889070412,0.31334875484897917,0.27773113405806205,Moderate Risk
DHR,1271.8837209302326,-0.010166439570480487,0.0,0.9221870883756526,0.016663729068243368,86,1.0275364693971916,0.8061591243260906,0.2600046163108422,0.5461545080152483,High Risk
DIS,725.7906976744187,-0.015257395137866472,0.0,0.025226529734096424,0.017452095832607695,86,0.9819645971760281,0.038898872733213574,0.23149039953108547,-0.1925915267978719,Outperformer
DLR,784.546511627907,0.019537912935177214,0.0,0.7848043606513003,0.01755836507336732,86,1.0166485937235956,0.1214507433425911,0.426377379820058,-0.30492663647746693,Outperformer
DLTR,1130.7790697674418,-0.004558570823703808,0.0,0.28055815568630027,0.022578544014757423,86,1.053573359965025,0.6079072047051135,0.29141404092699885,0.31649316377811465,Moderate Risk
DOC,1143.639534883721,0.008672341734086826,0.0,0.4398145201483494,0.016795978022296744,86,1.0067806342198586,0.6259761476882864,0.36551979649157973,0.2604563511967066,Moderate Risk
DOV,887.0581395348837,0.04395656137505277,0.0,0.9233432509859204,0.015735611853642962,86,1.0119726565621476,0.265479496814246,0.56314514883062,-0.29766565201637396,Outperformer
DPZ,1038.8953488372092,-0.02138747476902833,0.0,0.5644671195254894,0.018548115172206288,86,1.017485540004722,0.4788106518542721,0.19715609486735985,0.2816545569869122,Moderate Risk
DRI,1115.7674418604652,0.03866994838195432,0.0,0.8402403933867434,0.019864933531583712,86,1.0340340387696567,0.5868158797582095,0.5335350634703013,0.05328081628790815,Aligned
DTE,924.4069767441861,0.03320495512608995,0.0,0.792460971471123,0.012600771633350293,86,1.00240382808408,0.3179545825845451,0.5029258781543042,-0.1849712955697591,Outperformer
DUK,782.6860465116279,0.03518003757068969,0.0,0.9448397262382439,0.011812628946279219,86,0.9962413177490466,0.11883679137395853,0.5139882274986977,-0.39515143612473913,Outperformer
DVA,1312.2790697674418,-0.0007095528220992275,0.0,0.5569746345191215,0.020426928964956906,86,0.992323543318555,0.8629145564450253,0.312972220375674,0.5499423360693514,High Risk
DVN,1134.546511627907,-0.010365592732921591,0.0,0.5321926067029149,0.02891273390878712,86,0.9846808007301875,0.6132004574415946,0.2588891682636035,0.3543112891779911,High Risk
DXCM,785.2093023255813,0.006152509562109651,0.0,0.5831246967985986,0.028186957407477512,86,0.9980111162498672,0.1223819637314163,0.35140632803770844,-0.22902436430629214,Outperformer
EA,1226.2441860465117,0.06732290981075859,0.0,0.9177626341306065,0.01588118449813194,86,0.9685455516267006,0.7420356150955727,0.6940190320983051,0.04801658299726763,Aligned
EBAY,840.3604651162791,0.0600610534696608,0.0,0.7427244517886947,0.01981815292657629,86,1.0355561129348339,0.19986930240156853,0.6533456961807744,-0.4534763937792059,Outperformer
ECL,767.3488372093024,0.025024005060033685,0.0,0.8008045014854117,0.015084565493290418,86,1.0220759291527817,0.09728802483254384,0.45710473896733017,-0.35981671413478633,Outperformer
ED,1146.593023255814,0.014425662919438639,0.0,0.6897275279526787,0.012360060937885579,86,1.009785741052648,0.6301257964384905,0.39774389377768565,0.23238190266080488,Moderate Risk
EFX,1276.1860465116279,-0.026193314254081765,0.0,0.6094696618854815,0.01922884680309643,86,1.0166292459864434,0.8122038882535534,0.17023880064397098,0.6419650876095824,High Risk
EG,774.1860465116279,0.0019635158427155647,0.0,0.616648278080341,0.016536668982298386,86,1.006909776399387,0.10689429831726827,0.3279439596428545,-0.22104966132558623,Outperformer
EIX,1130.3953488372092,0.0448909523747371,0.0,0.7748336991229267,0.016435768962970877,86,0.9924564805517486,0.607368077111583,0.5683786314586627,0.038989445652920285,Aligned
EL,970.4651162790698,-0.013591346015906168,0.0,0.5492918178713785,0.02254038034174906,86,1.0138400834726486,0.38266623100800534,0.2408218669148584,0.14184436409314694,Aligned
ELV,866.1279069767442,-0.004093256694266415,0.0,0.5497278859676897,0.01848739926572781,86,1.0220290664021063,0.2360725371671295,0.29402024476866273,-0.05794770760153323,Aligned
EME,927.3837209302326,0.05469000575421487,0.0,1.5221838258433624,0.020687787765425836,86,1.0636755957569541,0.32213690573435727,0.6232626956781242,-0.30112578994376693,Outperformer
EMR,840.5,0.03234132094086639,0.0,0.7687419397608832,0.01667708553791845,86,0.9868465466678227,0.2000653487992159,0.4980887013119776,-0.2980233525127617,Outperformer
EOG,1237.3720930232557,-0.012012951697957007,0.0,0.2927278460246158,0.023519518689559336,86,0.9781216527726495,0.7576703153079563,0.24966238362143967,0.5080079316865166,High Risk
EPAM,876.5348837209302,0.00038311580592650035,0.0,0.9023240927555403,0.026359429052818024,86,1.006899621411014,0.25069433099166805,0.3190922089938349,-0.06839787800216685,Aligned
EQIX,802.4069767441861,0.04419029499453994,0.0,0.9119243528906343,0.016947945989011424,86,1.0140840526042536,0.14654468224146378,0.5644542804870559,-0.41790959824559215,Outperformer
EQR,832.5930232558139,0.016672538588196013,0.0,0.5814828825747217,0.014925381108598165,86,1.0100062073788736,0.18895605293252737,0.41032854493955095,-0.22137249200702358,Outperformer
EQT,753.4418604651163,0.03912231017155276,0.0,0.3963012170004498,0.03142815807089706,86,1.005600548890885,0.07774873386701531,0.5360687218298678,-0.45831998796285245,Outperformer
ERIE,1302.1046511627908,-0.05354517389832221,0.0,0.3526232571883355,0.01847828949936149,86,1.061339731450604,0.848619506616566,0.01704224551752148,0.8315772610990446,High Risk
ES,819.0116279069767,0.03163999546933957,0.0,0.6059160313518596,0.014558666192535959,86,1.0245684596455364,0.1698742035615095,0.49416060839040665,-0.32428640482889715,Outperformer
ESS,1116.0697674418604,0.02949506772544513,0.0,0.4833508941596177,0.015560383621409588,86,1.0084066688695346,0.5872406469531122,0.48214696304293325,0.10509368391017893,Aligned
ETN,726.3023255813954,0.00782163399951662,0.0,1.2486796563428246,0.017985031217403403,86,1.016210369193139,0.03961770952458754,0.3607550201271681,-0.32113731060258055,Outperformer
ETR,725.4651162790698,0.08199456635847349,0.0,1.210624709273681,0.014234312791682276,86,1.025326444607827,0.03844143113870291,0.7761943309753463,-0.7377528998366434,Outperformer
EVRG,767.6279069767442,0.0709148334989369,0.0,1.0203921698700897,0.01281626396802988,86,1.0059888213974524,0.09768011762783857,0.7141372376778619,-0.6164571200500233,Outperformer
EW,1056.7441860465117,0.01604750109784297,0.0,0.561392985530208,0.019666483802906753,86,1.0253655617782584,0.5038882535533411,0.40682773762361657,0.09706051592972453,Aligned
EXC,1118.9767441860465,0.03031367841944662,0.0,0.8539316458512753,0.013630564747905957,86,1.0110545440900855,0.5913249469041006,0.4867319653039078,0.10459298160019287,Aligned
EXPD,1393.6976744186047,0.04110629886851038,0.0,0.6369780270257241,0.015269620496015551,86,0.999073105816496,0.9773076294723086,0.547180954699479,0.4301266747728296,High Risk
EXPE,1362.3953488372092,0.06588761054454567,0.0,0.7665200421362177,0.025491815487565586,86,0.974942292948951,0.9333278876000652,0.6859799844423392,0.24734790315772603,Moderate Risk
EXR,1024.906976744186,0.004245674423400922,0.0,0.7661621540464446,0.016548341055969487,86,1.0128612920019064,0.459157000490116,0.34072622883261633,0.11843077165749966,Aligned
F,1133.1976744186047,0.04717399122434207,0.0,0.44238921647739,0.024354172833690617,86,1.035977374345742,0.611305342264336,0.5811658309956779,0.030139511268658103,Aligned
FANG,1381.8372093023256,-0.03475891416458484,0.0,0.7401828642971661,0.027478198711247324,86,0.9697587862044406,0.960643685672276,0.12226325470492866,0.8383804309673473,High Risk
FAST,1357.8255813953488,0.05230998428271843,0.0,0.9456424676698818,0.015251324248329498,86,0.9613754354162182,0.9269073680771116,0.6099323007688693,0.3169750673082423,Moderate Risk
FCX,798.8023255813954,0.023809974996899384,0.0,0.5984104290918415,0.02897685005582597,86,1.006749829966603,0.14148015030223826,0.45030501032323833,-0.30882486002100007,Outperformer
FDS,1097.2093023255813,-0.03612061927137976,0.0,0.42837325709410157,0.016704359070751205,86,1.061602143739754,0.5607417088710995,0.11463640467818823,0.4461053041929113,High Risk
FDX,1025.1627906976744,0.014750257743489217,0.0,0.5329245262707365,0.020743824367750466,86,1.017956160575045,0.45951641888580297,0.399561935018874,0.059954483866928976,Aligned
FE,935.8953488372093,0.0343034670731524,0.0,0.9911732427944859,0.013919055907909133,86,1.0194964305242518,0.3340957359908512,0.5090785949437329,-0.17498285895288168,Outperformer
FFIV,784.0930232558139,0.046302619198338175,0.0,0.5455018228999239,0.018702504534430318,86,1.04322199191769,0.12081359255023694,0.5762853148496592,-0.45547172229942223,Outperformer
FICO,797.3488372093024,0.04681886366748989,0.0,0.9886715402118448,0.022565340886259062,86,1.015485648336374,0.13943800032674414,0.5791767772696113,-0.4397387769428671,Outperformer
FIS,1143.4418604651162,0.002209223450803566,0.0,0.29382406654481447,0.017963002127671865,86,1.0034974108256918,0.625698415291619,0.3293201570794105,0.2963782582122085,Moderate Risk
FISV,1149.639534883721,-0.03400529105355141,0.0,0.7308806686826455,0.01879363741723085,86,1.0607173377532046,0.6344061427871264,0.12648426439040025,0.5079218783967261,High Risk
FITB,1060.3255813953488,0.0624980351027381,0.0,0.8360134438484826,0.02131458474144691,86,1.0018430600845256,0.5089201110929586,0.6669951224336795,-0.15807501134072088,Outperformer
FIX,1033.0232558139535,0.06270773554845817,0.0,1.4043281428349608,0.0268792919841051,86,1.0821901801792302,0.47056036595327555,0.668169645347684,-0.19760927939440842,Outperformer
FRT,1209.1976744186047,0.037620194192374674,0.0,0.43582821649837844,0.01642825753704071,86,0.9968336678657045,0.7180852801829769,0.5276554367222523,0.19042984346072456,Moderate Risk
FSLR,1160.3139534883721,-0.002203005106537769,0.0,0.6374566137235882,0.03140583665905569,86,1.0122391117049652,0.6494036922071558,0.30460746023879287,0.3447962319683629,Moderate Risk
FTNT,1152.453488372093,0.0014180203319451572,0.0,0.9799894546962434,0.023547536902790062,86,0.9407164415669412,0.6383597451396832,0.3248886634336051,0.31347108170607807,Moderate Risk
FTV,1179.1976744186047,0.016496736644587902,0.0,0.38796050216596406,0.01615581675644602,86,1.019174836042162,0.6759353046887766,0.40934388603534483,0.2665914186534318,Moderate Risk
GD,902.8139534883721,0.04499272097337224,0.0,0.7707430317097371,0.013456454687444185,86,1.0055738568500812,0.2876164025486032,0.5689486328747907,-0.2813322303261875,Outperformer
GDDY,1148.8023255813953,-0.0031118682601634228,0.0,0.6266895177395793,0.019179032354386883,86,0.9540780415670739,0.6332298644012415,0.2995169579465244,0.33371290645471713,Moderate Risk
GE,842.9302325581396,0.047587116234806465,0.0,1.4049354387389774,0.02214056225598223,86,0.9992874620412966,0.20347982355824223,0.583479725892146,-0.3799999023339038,Outperformer
GEN,953.8255813953489,0.03697022571324486,0.0,0.48557501547907855,0.017973128729524026,86,0.941285533000539,0.35928769808854777,0.5240149920417594,-0.16472729395321162,Outperformer
GILD,951.8139534883721,0.08789145971960168,0.0,0.42072225405542574,0.015239839774629458,86,1.0122183964961202,0.35646136252246374,0.8092225696626962,-0.4527612071402325,Outperformer
GIS,1036.639534883721,-0.05658791273166725,0.0,0.375949406304299,0.013522449356167908,86,1.0325144679104465,0.47564123509230516,0.0,0.47564123509230516,High Risk
GL,964.1162790697674,0.0961271353024577,0.0,1.0121202501097337,0.016728588029740296,86,1.0019740073343826,0.37374611991504647,0.855350224046819,-0.48160410413177257,Outperformer
GLW,1167.453488372093,0.09894846533604762,0.0,0.7778618813905709,0.019416962064298018,86,1.0478485471749182,0.6594347328867833,0.8711523686776605,-0.2117176357908772,Outperformer
GM,1365.593023255814,0.0574193045678582,0.0,0.534794831188592,0.023417056276147596,86,1.021529326252012,0.9378206175461528,0.6385493775198434,0.29927124002630934,Moderate Risk
GNRC,763.5348837209302,0.014070407433421948,0.0,0.8784288506949691,0.02848450418045393,86,1.0110512821745006,0.09192942329684684,0.39575412352603145,-0.3038247002291846,Outperformer
GOOG,1342.8372093023256,0.06727988575797124,0.0,1.0225229048124982,0.01876006956920045,86,1.0216947447588802,0.9058487175298156,0.69377805628312,0.2120706612466956,Moderate Risk
GOOGL,970.1395348837209,0.08038724452618137,0.0,1.0299729645799098,0.018820566696381776,86,1.0210096203357806,0.38220878941349445,0.767191792541418,-0.38498300312792355,Outperformer
GPC,1016.4651162790698,-0.00013290411367434277,0.0,0.4232549002568621,0.016889037260810615,86,1.052271820840526,0.44729619343244575,0.3162020042659775,0.13109418916646826,Aligned
GPN,931.2558139534884,-0.022293752975675186,0.0,0.18884721632464524,0.020597552911082794,86,1.0033470928866004,0.32757719326907386,0.19208007074869593,0.13549712252037793,Aligned
GRMN,1092.2209302325582,0.09362563797928422,0.0,0.9557513410836486,0.017658638472625433,86,1.0615089352056535,0.5537330501552036,0.8413394482694978,-0.2876063981142942,Outperformer
GS,1207.0232558139535,0.10532164870381618,0.0,1.0506864171840882,0.017649999700707807,86,0.996787059486801,0.7150302238196373,0.9068482866090367,-0.1918180627893994,Outperformer
GWW,1091.360465116279,-0.0014476393342015947,0.0,0.7025147883063223,0.016016993322720465,86,0.9891929153013819,0.552524097369711,0.30883823049308157,0.2436858668766294,Moderate Risk
HAL,820.6627906976744,-0.01552262968039832,0.0,0.27447300258233376,0.02748991672142437,86,0.9934231722747916,0.17219408593367103,0.23000483259907706,-0.05781074666540603,Aligned
HAS,1261.3023255813953,0.061766311945991186,0.0,0.5938736379288455,0.021531588012173093,86,1.0662257740107604,0.7912922725044926,0.6628967734227564,0.1283954990817362,Aligned
HBAN,937.8488372093024,0.05692593621233273,0.0,0.6454495816043474,0.020681480297623737,86,0.9969187213126295,0.3368403855579154,0.6357860431996917,-0.2989456576417763,Outperformer
HCA,800.6744186046511,0.050074367915096556,0.0,0.9958946075454784,0.019690176081651467,86,1.0349286056600124,0.1441104394706747,0.5974107124542665,-0.45330027298359177,Outperformer
HD,1266.4767441860465,0.0220492809080851,0.0,0.8340501413479251,0.014913376211889982,86,1.0170670995439075,0.7985623264172521,0.4404434406696134,0.3581188857476387,High Risk
HIG,977.2790697674419,0.06205130485021807,0.0,1.2759690321989183,0.016125058019380252,86,1.0047973324102535,0.39223983009312224,0.6644930060640071,-0.27225317597088483,Outperformer
HII,772.2790697674419,0.062312347664811724,0.0,0.8645242043011011,0.017601747276375316,86,1.0019763536067408,0.10421499754942021,0.6659550953133822,-0.5617400977639619,Outperformer
HLT,1082.9302325581396,0.04314603976799706,0.0,1.219260717118733,0.01768726395643182,86,0.9983220771043795,0.5406796275118446,0.558605453187562,-0.017925825675717433,Aligned
HOLX,869.7209302325581,-0.012448123874888617,0.0,0.7956985280735016,0.01530797896911698,86,0.955001261683174,0.24112073190655114,0.2472250035215151,-0.006104271614963963,Aligned
HON,789.4069767441861,0.02182000876166644,0.0,0.6694118993712642,0.014203742429123076,86,1.0145256729022716,0.12827969286064378,0.43915929752634514,-0.31087960466570136,Outperformer
HPE,1070.7674418604652,0.04882192974426896,0.0,0.37334020929157014,0.021902906220616337,86,1.0010313349847548,0.523590916516909,0.5903958616991346,-0.06680494518222557,Aligned
HPQ,1007.2674418604652,-0.020415338093391744,0.0,0.20595849743502723,0.021600470467191515,86,1.0344000188847176,0.43437346838751845,0.20260098935558396,0.2317724790319345,Moderate Risk
HRL,1345.6279069767443,-0.010202845921631258,0.0,-0.05187199163994431,0.014360624565848636,86,1.0483822425863314,0.9097696454827644,0.2598007059495884,0.649968939533176,High Risk
HSIC,1151.0813953488373,0.013991743227917925,0.0,-0.01964981682757736,0.016599608299915514,86,0.9864256109986044,0.6364319555628168,0.3953135287931058,0.24111842676971107,Moderate Risk
HST,1048.4883720930231,0.021064932194883923,0.0,0.3386453380765906,0.020357800243107276,86,1.0012595591645144,0.49228884169253373,0.4349301470995607,0.05735869459297305,Aligned
HSY,1355.546511627907,-0.00045047166906821243,0.0,0.7156523368815146,0.013470980177099067,86,1.0343554452134036,0.9237052769155367,0.3144233224454705,0.6092819544700663,High Risk
HUBB,1079.9186046511627,0.032736424390881765,0.0,1.2006353202332096,0.017790158025457393,86,1.0129526491772354,0.5364482927626204,0.5003016582461024,0.036146634516518006,Aligned
HUM,1321.6511627906978,-0.00899479874143026,0.0,0.2967381434755987,0.020927550717456663,86,1.0237655450904697,0.8760823394870121,0.26656692473120547,0.6095154147558066,High Risk
HWM,1124.1976744186047,0.09938812582108753,0.0,1.5663807494941044,0.021835130464708027,86,0.9918541624777663,0.5986603496160761,0.8736148875926228,-0.2749545379765468,Outperformer
IBKR,1074.593023255814,0.0730589871189843,0.0,1.022843290795525,0.02024704657407619,86,0.9934529677036796,0.5289658552524097,0.7261465471919348,-0.19718069193952514,Outperformer
IBM,1311.2790697674418,0.04617936731153468,0.0,0.9919277406972982,0.01588348045218689,86,1.0693877456346734,0.8615095572618854,0.5755949864874665,0.28591457077441884,Moderate Risk
ICE,980.1046511627907,0.024082668164151375,0.0,1.0456553860659128,0.012805694541721618,86,0.9969764043378613,0.3962097696454827,0.4518323526821453,-0.055622583036662565,Aligned
IDXX,989.6976744186046,0.009676793764741556,0.0,0.8392699076878984,0.019654508577303942,86,0.9714174758464664,0.40968795948374437,0.3711456878528084,0.03854227163093599,Aligned
IEX,778.9069767441861,0.011122909014379394,0.0,0.6365973804643857,0.014903020524654092,86,0.998860458463764,0.11352720143767359,0.37924531535316347,-0.2657181139154899,Outperformer
IFF,1288.639534883721,-0.0020878314379237863,0.0,0.42454186663076715,0.017815932662284515,86,0.9672830494563002,0.8297010292435878,0.30525254285849157,0.5244484863850962,High Risk
INCY,1368.2674418604652,0.08487024620640547,0.0,0.3324269921846247,0.018841820783866762,86,0.9778746940835512,0.9415781735010622,0.7923008865105017,0.14927728699056053,Aligned
INTC,740.5,0.015729398878313646,0.0,0.04588750311728399,0.02697395763408922,86,1.0660670991299612,0.0595654304852149,0.40504606117295405,-0.34548063068773915,Outperformer
INTU,1054.2325581395348,-0.033040144572791134,0.0,0.9767034059626832,0.020775953398910006,86,1.0441666299294499,0.500359418395687,0.13189000710654591,0.36846941128914107,High Risk
INVH,1162.7441860465117,-0.02713387320827966,0.0,0.7731886570441215,0.015012203488166453,86,1.028491050683128,0.6528181669661821,0.16497077157572462,0.4878473953904575,High Risk
IP,698.1046511627907,0.03184761581852206,0.0,0.26802207683078205,0.01979535477521902,86,1.0344859281095022,0.0,0.4953234807757805,-0.4953234807757805,Outperformer
IQV,1171.453488372093,-0.010564428119170152,0.0,0.6552469385766304,0.019039220452573644,86,1.017274602512166,0.6650547296193434,0.25777550006675276,0.40727922955259066,High Risk
IR,1248.3720930232557,0.01803208934550836,0.0,0.9568422552879102,0.019408015514167962,86,0.9791031604753078,0.7731253063224963,0.4179433285502026,0.3551819777722937,High Risk
IRM,819.2441860465116,0.024012454124536033,0.0,1.155989678692312,0.018043441306602147,86,1.018195934644692,0.17020094755758852,0.4514390869543121,-0.2812381393967236,Outperformer
ISRG,1228.6860465116279,0.054531625004454846,0.0,0.9166716670239853,0.020175565749961547,86,1.0063818138655096,0.7454664270544029,0.6223756121095052,0.12309081494489771,Aligned
IT,782.3837209302326,-0.018436991853973763,0.0,0.6218869439227847,0.019016542475656695,86,1.0215392115948505,0.11841202417905583,0.21368161907028127,-0.09526959489122544,Aligned
ITW,875.7558139534884,0.029271040390125194,0.0,0.8214004057008361,0.013981037383949672,86,0.998356678980819,0.24959973860480322,0.48089219585446535,-0.23129245724966213,Outperformer
IVZ,734.5348837209302,0.07483446961745054,0.0,0.3453264994226558,0.023843180557616306,86,0.998116055352214,0.051184446985786725,0.7360909460734055,-0.6849064990876188,Outperformer
J,806.5116279069767,0.025925954420665066,0.0,0.95564547051253,0.016128342445084726,86,1.0068552829549025,0.15231171377225938,0.4621565174110795,-0.3098448036388201,Outperformer
JBHT,797.0,0.003152426651800557,0.0,0.37663154366898766,0.018396777766180185,86,0.9902286882518856,0.1389478843326255,0.3346029964569299,-0.19565511212430442,Outperformer
JBL,1173.6627906976744,0.03087272897527734,0.0,1.1486464030214527,0.02328315206635341,86,1.036680367590572,0.6681587975820944,0.48986318272052054,0.17829561486157386,Moderate Risk
JCI,902.7674418604652,0.060943067926956425,0.0,1.2626902504558695,0.016235926753062995,86,0.9760556115074378,0.2875510537493875,0.6582858201133666,-0.37073476636397906,Outperformer
JKHY,1230.6279069767443,0.032519933818041746,0.0,0.3511822020982642,0.014411296089247343,86,0.9878373746574559,0.7481947394216633,0.49908910413066676,0.2491056352909965,Moderate Risk
JNJ,1070.1744186046512,0.06115379232967403,0.0,0.7976529271267454,0.010906499365433881,86,0.9997619476728415,0.5227577193269075,0.6594660781651884,-0.13670835883828092,Aligned
JPM,1387.1744186046512,0.07275843076369419,0.0,1.217554497873001,0.01575491341204678,86,0.9934595460716992,0.9681424603822908,0.7244631443502014,0.24367931603208937,Moderate Risk
KDP,1117.9186046511627,0.013496884561995298,0.0,0.5080303920673216,0.013797645182326736,86,1.0279334004472682,0.5898382617219409,0.3925418473103887,0.19729641441155216,Moderate Risk
KEY,1196.6744186046512,0.04242484901522918,0.0,0.6871209694718431,0.02339798433105907,86,0.9839517188807811,0.7004901159941188,0.5545660957051045,0.1459240202890143,Aligned
KEYS,1111.546511627907,0.06639447156578515,0.0,0.9973514176515123,0.020154806373010557,86,1.0544980266632622,0.5808854762293743,0.688818890585897,-0.1079334143565227,Aligned
KHC,1009.8372093023256,-0.0490419378348977,0.0,0.13453729597710573,0.0160262279567227,86,1.0138167013431227,0.43798398954419215,0.04226467137122747,0.3957193181729647,High Risk
KIM,1409.8488372093022,0.013270641584417747,0.0,0.7063701469598233,0.018781882941466883,86,0.9897618699453654,1.0,0.39127467040771224,0.6087253295922878,High Risk
KKR,833.5,0.04524872044993289,0.0,1.076599295695363,0.02216006966622429,86,0.9918425818822484,0.1902303545172357,0.5703824746110883,-0.3801521200938526,Outperformer
KLAC,719.4767441860465,0.043647589234126365,0.0,1.3741482071562214,0.026051185242141037,86,1.0193101162981275,0.030027773239666766,0.5614146095460657,-0.5313868363063989,Outperformer
KMB,1075.9651162790697,0.00043848201185790845,0.0,0.2934228539933713,0.012823559094264041,86,1.0395486518140684,0.5308936448292763,0.3194023126624496,0.21149133216682664,Moderate Risk
KMI,1089.2558139534883,0.07288547215876609,0.0,0.9941401404864944,0.015659582656448446,86,1.0196677781977384,0.5495670642051953,0.7251746975804614,-0.17560763337526608,Outperformer
KO,1225.0813953488373,0.026049918827456345,0.0,1.0164950461423528,0.011034409927641778,86,1.0240103847405277,0.7404018951151774,0.4628508365661837,0.2775510585489937,Moderate Risk
KR,1346.546511627907,0.03547877371918386,0.0,0.4001223270239475,0.016340181504049308,86,0.973220486411882,0.9110602842672766,0.5156614354427391,0.39539884882453746,High Risk
L,985.3953488372093,0.08433186966146414,0.0,1.1545542331991474,0.01436961891854075,86,0.9804652371524487,0.4036431955562818,0.789285463313737,-0.38564226775745514,Outperformer
LDOS,1074.5697674418604,0.04228493202001064,0.0,1.188982152956012,0.01623221338071488,86,1.0123152617991136,0.5289331808528019,0.5537824268083669,-0.024849245955564925,Aligned
LEN,1103.2209302325582,-0.01968622735715571,0.0,0.5885985626910558,0.022614439369036614,86,1.0078258548730379,0.5691880411697436,0.20668470631486538,0.3625033348548783,High Risk
LH,969.546511627907,0.028832261590627847,0.0,0.8405098946844028,0.015606446609104463,86,1.0133275229628091,0.38137559222349293,0.4784346152211987,-0.09705902299770575,Aligned
LHX,1302.3372093023256,0.062570406669035,0.0,0.6211450482567252,0.015300899250812499,86,1.0022041939214075,0.8489462506126451,0.6674004723729523,0.18154577823969276,Moderate Risk
LII,957.5116279069767,0.033087060971895725,0.0,0.6522669036339053,0.018885154984453104,86,1.0257405766644918,0.36446659042640106,0.502265558215294,-0.1377989677888929,Aligned
LIN,1302.6511627906978,0.007775580975193616,0.0,0.9674335370922417,0.013157462922603341,86,0.9674786590029313,0.8493873550073519,0.3604970791764903,0.48889027583086153,High Risk
LITE,788.9302325581396,0.08250775860575396,0.0,1.1211175041286383,0.03043203974650651,86,0.9959626837141423,0.12760986766868165,0.7790686980357053,-0.6514588303670237,Outperformer
LLY,765.6860465116279,0.024366665670369728,0.0,1.3151563773343602,0.01835025419701656,86,0.9852467801772609,0.09495180526057823,0.45342301014321174,-0.3584712048826335,Outperformer
LMT,949.2674418604652,0.011801380122533818,0.0,0.8910828088829738,0.014162333115172199,86,1.0375930952758552,0.352883515765398,0.38304540199714304,-0.03016188623174504,Aligned
LNT,874.3604651162791,0.042249543397430825,0.0,0.9762045176924744,0.012624173167091097,86,0.9982590327650495,0.2476392746283287,0.5535842166997889,-0.30594494207146017,Outperformer
LOW,789.8488372093024,0.004364127651321246,0.0,0.8046745350720413,0.017103717647310633,86,1.0158337284363463,0.12890050645319406,0.3413896801188189,-0.2124891736656248,Outperformer
LRCX,811.9186046511628,0.08447384150342226,0.0,1.3012609020592523,0.028023000463550222,86,1.0305848729681721,0.15990851168109788,0.7900806413161043,-0.6301721296350065,Outperformer
LULU,1116.0813953488373,-0.03549697256223752,0.0,0.5980035648690148,0.024113537120421094,86,0.99712810397691,0.5872569841529165,0.11812942229012438,0.46912756186279214,High Risk
LUV,1064.5813953488373,0.0450633159277905,0.0,0.16103350815272888,0.02300893139475336,86,1.0321451566627642,0.5148995262212059,0.5693440320895736,-0.05444450586836769,Aligned
LVS,743.4302325581396,0.007733497054948593,0.0,0.5031644961003955,0.0245144001413749,86,1.0086594088265897,0.06368240483581111,0.3602613690020594,-0.2965789641662483,Outperformer
LYB,829.0116279069767,-0.05649105883304817,0.0,0.03809885109607963,0.020796137707645684,86,1.0077087402165161,0.1839241953929096,0.0005424743988891589,0.18338172099402045,Moderate Risk
LYV,745.6511627906976,0.04174594376106837,0.0,0.8380873180997773,0.022882164474551974,86,1.0034621980778278,0.06680280999836619,0.5507635774285609,-0.48396076743019467,Outperformer
MA,856.9186046511628,0.03176284215955316,0.0,0.9292902688613899,0.016029334391916943,86,1.0112704191545112,0.22313347492239832,0.49484866726443544,-0.2717151923420371,Outperformer
MAA,791.1046511627907,0.01479883118588201,0.0,0.8346015113113886,0.014303898549397473,86,1.0144489500645901,0.1306649240320208,0.3998339927195933,-0.2691690686875725,Outperformer
MAR,1068.3372093023256,0.06225483227968092,0.0,0.9707433725169405,0.01960575593600725,86,1.0039427586295164,0.5201764417578829,0.6656329541872059,-0.145456512429323,Aligned
MAS,1161.3372093023256,-0.008286816384524625,0.0,0.5271351006567467,0.017953492030499,86,1.0131675338572077,0.6508413657899037,0.2705323025731134,0.3803090632167903,High Risk
MCD,927.4069767441861,0.024842554528490504,0.0,0.9092549909504973,0.011560287971151157,86,1.0154716754708124,0.322169580133965,0.4560884425721367,-0.1339188624381717,Aligned
MCHP,910.4651162790698,-0.025282421042088225,0.0,0.4820884569628696,0.02557955274121021,86,0.999123955879013,0.29836628001960475,0.17534067320329666,0.12302560681630809,Aligned
MCK,1177.0581395348838,0.06379029358826861,0.0,1.4032856904176192,0.015762267423013065,86,0.971003225248221,0.6729292599248491,0.6742330050088003,-0.0013037450839512577,Aligned
MCO,1233.1046511627908,0.0498905239047809,0.0,1.2143514843092746,0.01598166049079138,86,1.0014939486587346,0.7516745629799055,0.5963810102904167,0.15529355268948886,Moderate Risk
MDLZ,1328.4418604651162,-0.0043866943087903,0.0,0.6556111157173765,0.012321007804418128,86,1.0393957878793898,0.8856232641725208,0.29237671367884716,0.5932465504936737,High Risk
MDT,887.8488372093024,0.05117519162153602,0.0,0.5523140240623942,0.014109572031880837,86,1.0185581564060566,0.2665904264009149,0.6035763773056348,-0.33698595090471994,Outperformer
MET,861.3604651162791,0.025332091767157262,0.0,0.8209785018892013,0.017054027757523682,86,0.9882103093583059,0.2293742852475087,0.45883031897634874,-0.22945603372884005,Outperformer
META,970.3953488372093,0.060151290101027065,0.0,1.0381194611279927,0.024394866089838065,86,1.0195707769557847,0.38256820780918166,0.6538511075586965,-0.2712828997495148,Outperformer
MGM,1362.1279069767443,-0.011155587721498534,0.0,0.4717409480043274,0.02629870757555872,86,0.9981369249490601,0.9329521320045746,0.2544644413020263,0.6784876907025483,High Risk
MKC,1351.906976744186,-0.012746172987450744,0.0,0.5071692414670789,0.014771282896077853,86,1.0495397686621801,0.9185917333768994,0.24555564363531712,0.6730360897415822,High Risk
MLM,1214.593023255814,0.03370480434256367,0.0,0.9900307866490238,0.017799011532231738,86,1.0012715838013153,0.7256657408920111,0.5057255114897492,0.21994022940226188,Moderate Risk
MMM,768.4418604651163,0.07261364858277389,0.0,0.18081808384331993,0.017288623865618583,86,1.0413051800682926,0.09882372161411546,0.7236522257637077,-0.6248285041495922,Outperformer
MNST,827.453488372093,0.04659181351006432,0.0,0.962738784947578,0.01475206273475359,86,0.9588913940408897,0.18173501061917996,0.5779050793883362,-0.3961700687691563,Outperformer
MO,1204.9767441860465,0.09217470614600065,0.0,0.730567523924552,0.01416466644001219,86,1.0408397291183642,0.7121548766541417,0.833212843297351,-0.12105796664320934,Aligned
MOS,1212.3372093023256,-0.02512703500047885,0.0,0.29010073420230553,0.02679958638792598,86,0.9786850744979629,0.7224963241300442,0.17621098354412584,0.5462853405859183,High Risk
MPC,810.1046511627907,-0.019105711116336913,0.0,1.0001124413451212,0.02300850290680007,86,0.9909641735691801,0.15735990851168102,0.20993615208290925,-0.052576243571228226,Aligned
MPWR,1038.2325581395348,0.04882903155487178,0.0,1.0884649232124572,0.02972321492263338,86,1.003631940292495,0.47787943146544687,0.5904356386259566,-0.11255620716050974,Aligned
MRK,769.0581395348837,0.008676949750216094,0.0,0.7965719109488246,0.01394975833601445,86,1.0170641536077074,0.09968959320372495,0.3655456057859441,-0.26585601258221914,Outperformer
MRSH,1298.9302325581396,-0.025371234999973874,0.0,1.0876835531064226,0.01246760860626667,86,1.0298228411844983,0.8441594510700867,0.17484323015656428,0.6693162209135224,High Risk
MS,1025.0581395348838,0.08337976441077848,0.0,0.932342074235606,0.01841108890161017,86,0.9987110882619491,0.45936938408756767,0.783952763949964,-0.3245833798623964,Outperformer
MSCI,905.9186046511628,0.019866196134954543,0.0,1.1717804634516886,0.019636063021424524,86,1.0237538855235238,0.29197843489625885,0.4282160794904245,-0.13623764459416565,Aligned
MSFT,1354.1162790697674,-0.010652036433447308,0.0,1.136172421796885,0.016425090197921162,86,1.0235895058344182,0.9216958013396506,0.25728480977650325,0.6644109915631473,High Risk
MSI,787.7558139534884,0.03748746325956322,0.0,1.2464252081162301,0.014625109174672612,86,0.9843743390847943,0.12595981048848226,0.5269120166429628,-0.4009522061544806,Outperformer
MTB,1025.3255813953488,0.05450303371371097,0.0,0.6059869597829283,0.020331587206636772,86,1.0022815362275401,0.4597451396830583,0.6222154735556535,-0.16247033387259524,Outperformer
MTD,1088.6046511627908,0.00891141428801192,0.0,0.6572364505709835,0.018251172280502784,86,0.9852154400213655,0.548652181016174,0.3668588312834725,0.18179334973270145,Moderate Risk
MU,972.1744186046511,0.034757232121011825,0.0,0.8459519893070996,0.02970534258258559,86,1.02979691491604,0.38506779937918645,0.5116201128907033,-0.12655231351151686,Aligned
NCLH,772.953488372093,0.03481554528073007,0.0,0.4929805521657667,0.03673520266274652,86,1.040608563849103,0.10516255513804929,0.51194672231703,-0.4067841671789807,Outperformer
NDAQ,1101.7906976744187,0.03668898728217864,0.0,1.3548665988527202,0.014670249568029281,86,1.0151877214324716,0.5671785655938573,0.5224397880384885,0.044738777555368814,Aligned
NDSN,1261.3255813953488,0.027233484531498382,0.0,0.9956898027938865,0.016268771515251197,86,1.0081669021886694,0.7913249469041006,0.4694799356835167,0.3218450112205839,Moderate Risk
NEE,963.6860465116279,0.030451425546988785,0.0,0.9226804423636196,0.015943887458605453,86,1.0290483831130994,0.3731416435223003,0.48750348086784007,-0.11436183734553979,Aligned
NEM,829.0581395348837,0.08110384112566085,0.0,0.6052064839743838,0.021610314955733144,86,1.0256797953494914,0.18398954419212554,0.7712054183746693,-0.5872158741825437,Outperformer
NFLX,1104.8837209302326,0.02152920562780706,0.0,0.9431740828255698,0.025456820879625273,86,1.0432986043922698,0.571524260741709,0.4375305220461151,0.13399373869559394,Aligned
NI,949.0697674418604,0.06951739808758113,0.0,1.1082426593552024,0.013190492819398119,86,0.9864250975127035,0.3526057833687306,0.7063102637968921,-0.3537044804281615,Outperformer
NKE,1147.2325581395348,-0.009764516689111937,0.0,0.06670218223929493,0.020720332707720807,86,1.0717145344840269,0.631024342427708,0.26225576857811134,0.36876857384959666,High Risk
NOC,905.6976744186046,0.02598420720261833,0.0,0.7798732327147276,0.015551047938702106,86,1.0172358356580788,0.2916680280999837,0.46248278866421716,-0.17081476056423345,Outperformer
NOW,951.3604651162791,-0.010066690435459592,0.0,0.9376771678925675,0.024813361596629616,86,1.022064687494983,0.3558242117301096,0.26056330680065914,0.09526090492945044,Aligned
NRG,1079.046511627907,0.06263652775277842,0.0,0.9859160683826187,0.021568458662595515,86,1.0080498278438692,0.5352230027773239,0.6677708136361231,-0.1325478108587992,Aligned
NSC,778.2325581395348,0.03956568081663984,0.0,0.5242470718266375,0.016304276716515614,86,0.9933681248975889,0.11257964384904429,0.5385520211870226,-0.4259723773379783,Outperformer
NTAP,739.3255813953489,0.00774920006860393,0.0,0.392352521563462,0.02101314496223633,86,1.0167810384139193,0.057915373305015505,0.36034932088644284,-0.30243394758142733,Outperformer
NTRS,905.3837209302326,0.08240549147587212,0.0,0.6919114547470673,0.018531823464017497,86,0.9930731787896204,0.2912269237052769,0.7784959043681323,-0.4872689806628554,Outperformer
NUE,860.4186046511628,-0.0012673091146365968,0.0,0.7634638727101044,0.022517877943687533,86,0.9993693670748516,0.2280509720633883,0.3098482520704763,-0.08179728000708797,Aligned
NVDA,754.7093023255813,0.040795090057705034,0.0,1.4808879370060595,0.030598060760679776,86,1.0059285772689954,0.07952948864564613,0.54543788792594,-0.4659083992802938,Outperformer
NVR,1357.3837209302326,-0.007963534451139941,0.0,0.7025427564011419,0.018820227992290574,86,1.0015944710917744,0.9262865544845615,0.2723429903717977,0.6539435641127638,High Risk
NWS,885.9651162790698,0.023403991354064395,0.0,0.7282316683196897,0.017165687569981002,86,0.967977989364291,0.26394380003267437,0.4480311139107469,-0.18408731387807253,Outperformer
NWSA,961.046511627907,0.021988097690409755,0.0,0.6872755443889245,0.017083101967667436,86,0.969346441264217,0.3694330991668029,0.4401007561757132,-0.07066765700891031,Aligned
NXPI,772.9186046511628,-0.012506711688676992,0.0,0.6505006380228359,0.024664977597899224,86,1.0012947083709562,0.10511354353863744,0.24689685576989928,-0.14178331223126184,Aligned
O,1124.0116279069769,0.042758725693544344,0.0,0.782121804466055,0.01380856284740655,86,1.0123077773846625,0.5983989544192128,0.5564361242011638,0.04196283021804892,Aligned
ODFL,1103.5813953488373,0.00334683308349454,0.0,0.8776940509859923,0.02071505076194737,86,1.0163124005705908,0.5696944943636664,0.33569185827536996,0.2340026360882964,Moderate Risk
OKE,757.7674418604652,0.00988204911690514,0.0,0.9669824799869623,0.0203433908740273,86,1.0135882110205894,0.08382617219408606,0.37229531399456683,-0.2884691418004808,Outperformer
OMC,1152.0581395348838,-0.013431611848833172,0.0,0.2862499522232,0.01726085556463741,86,1.0123588927342189,0.6378042803463488,0.24171653091393783,0.396087749432411,High Risk
ON,790.3604651162791,0.00041156355129015414,0.0,0.6441544495506004,0.03142353201715223,86,0.9982881767775122,0.12961934324456803,0.319251543556366,-0.18963220031179795,Outperformer
ORCL,766.3837209302326,0.030271666695090245,0.0,0.5110791951996465,0.019551068283645164,86,1.009898487036814,0.0959320372488155,0.4864966594954534,-0.3905646222466379,Outperformer
ORLY,1045.5232558139535,0.052340743259575245,0.0,0.9045573912298125,0.014719318909759842,86,1.028618190931455,0.4881228557425257,0.6101045804366859,-0.12198172469416024,Aligned
OXY,849.4883720930233,-0.023800860093349696,0.0,0.08562529067369297,0.027392733963579732,86,0.9821415277237823,0.21269400424767193,0.18363883049529675,0.02905517375237518,Aligned
PANW,1006.6395348837209,0.014021569179329755,0.0,1.0366504830589185,0.023877691626890626,86,1.0378803544655384,0.43349125959810486,0.3954805826267058,0.03801067697139904,Aligned
PAYX,774.7790697674419,-0.021392777639710515,0.0,0.7182799920250695,0.015030914932774088,86,1.046885150359688,0.10772749550727023,0.19712639372340263,-0.0893988982161324,Aligned
PCAR,1317.546511627907,0.019153037209636816,0.0,0.8852117177081399,0.016135540218557863,86,1.0137318311863976,0.8703153079562165,0.42422170791798325,0.44609360003823323,High Risk
PCG,808.5697674418604,0.043359629678052264,0.0,0.5325680066006965,0.028922796484285727,86,0.9722015352699291,0.15520339813755912,0.559801760819139,-0.4045983626815799,Outperformer
PEG,1012.2790697674419,0.032378790718599844,0.0,0.8185498564952427,0.013274898737245374,86,1.014872545055,0.4414148015030226,0.49829856787844806,-0.05688376637542547,Aligned
PEP,757.546511627907,-0.0176375293171806,0.0,0.6585935120929851,0.01142125463808144,86,1.0099699026781677,0.08351576539781091,0.21815937335033275,-0.13464360795252184,Aligned
PFE,927.1860465116279,0.028277057407903046,0.0,-0.028633659285001504,0.01515157099021635,86,0.9996423629793302,0.3218591733376899,0.47532494117009094,-0.15346576783240107,Outperformer
PFG,1141.6860465116279,0.04543549850212167,0.0,0.6622529200801144,0.018700937503546282,86,0.9939470915783665,0.6232314981212221,0.5714286102135929,0.051802887907629214,Aligned
PG,1358.0,0.010342060895723626,0.0,0.8506360083783083,0.01144654271599078,86,1.0333206812041222,0.927152426074171,0.37487181960512495,0.5522806064690461,High Risk
PGR,1028.3023255813953,-0.009938604742282921,0.0,1.1091595474547291,0.014890525135306499,86,0.9684776852883072,0.46392746283287045,0.26128070909837753,0.20264675373449292,Moderate Risk
PH,994.1395348837209,0.06355411462600337,0.0,1.157450485496511,0.018459952405901304,86,0.9785414076532742,0.41592876980885474,0.6729101770957083,-0.2569814072868536,Outperformer
PHM,1005.9651162790698,0.021595529011125443,0.0,1.1246861681640954,0.02255926721645375,86,1.0145683241691477,0.43254370200947556,0.4379019963802504,-0.005358294370774841,Aligned
PKG,790.2093023255813,0.03829372263558975,0.0,0.9013964620169549,0.016699874709298825,86,1.021355243407329,0.12940695964711635,0.5314278397186957,-0.4020208800715793,Outperformer
PLD,991.2906976744187,0.03653674523410966,0.0,1.0495308372075307,0.016355446588890345,86,1.0031191047259438,0.4119261558568863,0.5215870870663089,-0.10966093120942255,Aligned
PM,736.8139534883721,0.056700677772152416,0.0,0.9918625118254836,0.014366582745923282,86,1.027626702139616,0.05438653814736161,0.6345243806473961,-0.5801378425000345,Outperformer
PNC,753.3372093023256,0.04568069410842843,0.0,0.9611595532746254,0.017671548893552748,86,0.9869886789258568,0.07760169906877978,0.5728019399508361,-0.4952002408820563,Outperformer
PNR,897.1046511627907,0.001426750245791537,0.0,0.9938589693433371,0.01785877253553144,86,1.0183676627094285,0.279594837444862,0.3249375592946256,-0.04534272184976357,Aligned
PNW,921.8139534883721,0.043393779211354414,0.0,0.6111747318887687,0.013352089080789336,86,0.9893702187273505,0.31431138702826344,0.5599930308435216,-0.24568164381525814,Outperformer
PODD,1251.0116279069769,0.026583824166148462,0.0,0.456376210574256,0.02474241981532391,86,0.9814357099363142,0.7768338506779942,0.46584121673466616,0.310992633943328,Moderate Risk
POOL,1397.6976744186047,-0.03032007214786424,0.0,0.5899977963122336,0.020260205509827007,86,1.0249362241501598,0.9829276262048687,0.14712501235347414,0.8358026138513945,High Risk
PPG,1372.2325581395348,-0.014131021332882686,0.0,0.1825357227343479,0.016400017272644674,86,1.0036624968276546,0.9471491586342102,0.23779916935341538,0.7093499892807948,High Risk
PPL,941.0348837209302,0.06880971605938796,0.0,0.6883121483748099,0.013033400656372447,86,1.0036983218772513,0.3413167783041986,0.7023465680828085,-0.3610297897786099,Outperformer
PRU,738.3372093023256,0.022789547630657606,0.0,0.7856075318585004,0.01784190744054127,86,0.9769619615343916,0.05652671132167941,0.4445896418145412,-0.3880629304928618,Outperformer
PSA,1034.093023255814,0.004443075620133215,0.0,0.8346408742571836,0.014437383557362656,86,1.012238102437031,0.4720633883352394,0.34183186419747147,0.13023152413776795,Aligned
PSKY,837.4418604651163,0.012592987717914278,0.0,-0.02608837852660207,0.029825127693451147,86,1.0315234529890032,0.19576866525077596,0.3874791610980441,-0.19171049584726813,Outperformer
PSX,798.9418604651163,0.006400863298154565,0.0,0.6348872458522855,0.021588749620054908,86,1.003953305616953,0.14167619669988563,0.3527973463198191,-0.2111211496199335,Outperformer
PTC,1056.7558139534883,-0.015235576365566435,0.0,0.703256469467178,0.02008456060708348,86,1.0037117064814831,0.503904590753145,0.23161260550892135,0.2722919852442236,Moderate Risk
PWR,1215.1744186046512,0.058718128627267205,0.0,1.599381400283212,0.020835434639279848,86,1.0166004427912982,0.726482600882209,0.6458240335836298,0.08065856729857912,Aligned
PYPL,1386.2558139534883,-0.023360897302407885,0.0,0.28382300611332245,0.023863453667735998,86,0.9931337976465902,0.9668518215977782,0.18610304261223395,0.7807487789855442,High Risk
QCOM,1052.9651162790697,0.013412760456590902,0.0,0.5331493334445649,0.023384400937491175,86,0.9968498130013103,0.49857866361705594,0.39207067191980566,0.10650799169725028,Aligned
RCL,1058.5116279069769,0.062080938127935394,0.0,1.1828836647964536,0.031137376425116287,86,1.046282467254442,0.506371507923542,0.664658980740773,-0.158287472817231,Outperformer
REG,1005.3139534883721,0.05711114131725384,0.0,0.7479482054312432,0.016195031024337968,86,0.9903618739569933,0.43162881882045423,0.6368233687941771,-0.20519454997372288,Outperformer
REGN,1182.7790697674418,0.017248815156307714,0.0,0.4338481904955776,0.018725670165752186,86,1.0002119729488306,0.6809671622283942,0.4135562444884332,0.26741091773996095,Moderate Risk
RF,801.8953488372093,0.04267354522916138,0.0,0.7492958650740381,0.02133654968562459,86,0.9928691769693215,0.1458258454500898,0.555959032190702,-0.41013318674061217,Outperformer
RJF,984.3604651162791,0.02321042210155663,0.0,0.9052396211286409,0.01826955339105007,86,1.0022657239734807,0.4021891847737298,0.44694694109587085,-0.04475775632214107,Aligned
RL,938.0930232558139,0.09022177751635753,0.0,0.8620624254909945,0.023061131350204565,86,0.9691395795220304,0.3371834667537985,0.8222745764898821,-0.4850911097360836,Outperformer
RMD,1206.0116279069769,0.012529063588203713,0.0,0.9180781499641217,0.019718383671193267,86,1.044618354542816,0.7136088874366937,0.3871211248771622,0.3264877625595315,Moderate Risk
ROK,1261.6744186046512,0.039412112830257334,0.0,0.7879997027417843,0.018753148463020394,86,0.9928965217671892,0.7918150628982195,0.5376918936930422,0.2541231692051773,Moderate Risk
ROL,969.8953488372093,0.0718236715985045,0.0,0.7621674348486013,0.016343368822647877,86,1.0502218199423803,0.38186570821761157,0.7192275996434601,-0.3373618914258485,Outperformer
ROP,1036.6046511627908,-0.054645865641653676,0.0,0.6888710280420914,0.013912720554496064,86,1.0363222922913562,0.47559222349289354,0.010877319785679518,0.464714903707214,High Risk
ROST,1203.4883720930231,0.03815236987406434,0.0,0.8137252496974097,0.018921447733726532,86,1.024035110414355,0.7100637150792353,0.5306361291584281,0.1794275859208072,Moderate Risk
RSG,836.9883720930233,0.017960430447293223,0.0,1.4605471762006927,0.011380574747655399,86,1.0183561362452487,0.1951315144584218,0.41754197023330925,-0.22241045577488744,Outperformer
RTX,813.3255813953489,0.09935661832084242,0.0,1.2034441677541445,0.01667406245001537,86,1.041226946205277,0.16188531285737628,0.873438415478442,-0.7115531026210657,Outperformer
RVTY,791.8488372093024,0.012981452822338846,0.0,0.6239020404028746,0.01956191347791938,86,1.0064657297741257,0.131710504819474,0.3896549369523638,-0.2579444321328898,Outperformer
SATS,1313.639534883721,0.045629994243189566,0.0,0.2799798907857037,0.030935975897558508,86,1.0125530098089515,0.864826008822088,0.5725179722498829,0.29230803657220517,Moderate Risk
SBAC,1245.0116279069769,-0.010946181142837613,0.0,0.5242946473755844,0.016973589200283547,86,1.0097088849011204,0.7684038555791539,0.25563731827964065,0.5127665372995133,High Risk
SBUX,1262.6162790697674,-0.001540943512445781,0.0,0.39441355919083876,0.017334085687202964,86,1.0057945230674235,0.7931383760823396,0.3083156379208824,0.4848227381614572,High Risk
SCHW,833.0,0.030306437237416512,0.0,0.8936371081727073,0.019957364595482394,86,0.9769675461351307,0.18952785492566582,0.48669140776389097,-0.29716355283822515,Outperformer
SHW,1051.406976744186,-0.012761589360561312,0.0,1.0172998368144848,0.01588080953460311,86,1.0100331857484288,0.4963894788433263,0.2454692972119367,0.2509201816313896,Moderate Risk
SJM,711.4186046511628,-0.0020675746135355943,0.0,0.3349444658385069,0.0149421485426666,86,1.0296637248578888,0.0187060937755269,0.30536600043521345,-0.28665990665968655,Outperformer
SLB,1000.7209302325581,-0.02411531290807186,0.0,0.13156307707170103,0.02520403062019505,86,1.0010556033021913,0.4251756248978924,0.18187759419941676,0.24329803069847564,Moderate Risk
SMCI,843.0,-0.014503402321730054,0.0,0.7356880385356578,0.04102425082237437,86,0.9967692802788766,0.20357784675706592,0.23571347991847377,-0.032135633161407856,Aligned
SNA,858.9651162790698,0.025389323262116938,0.0,0.8016398802076302,0.016207727595064295,86,0.9809541722505767,0.2260088220878942,0.459150870046243,-0.2331420479583488,Outperformer
SNPS,923.3953488372093,-0.011010250691244831,0.0,1.281976677053459,0.02195712735552481,86,1.0195477907000832,0.31653324620160106,0.25527846757507583,0.06125477862652523,Aligned
SO,942.1162790697674,0.04600384225329556,0.0,1.105996833741801,0.012417334535808129,86,1.009368067048236,0.34283613788596634,0.5746118784059557,-0.2317757405199894,Outperformer
SPG,1334.5697674418604,0.06779635203965723,0.0,0.7004581051325419,0.019815651684095468,86,0.9908908554892765,0.8942329684692045,0.6966707610652578,0.1975622074039467,Moderate Risk
SPGI,1001.0232558139535,0.03070055186165036,0.0,1.1177565525091369,0.01492053608026361,86,1.000614085661675,0.4256003920927953,0.48889882632858417,-0.06329843423578885,Aligned
SRE,985.5697674418604,0.060959181148176715,0.0,0.9202011707468254,0.014441816169173467,86,1.024102442724796,0.403888253553341,0.6583760695521632,-0.2544878159988222,Outperformer
STE,731.8488372093024,0.04033098809796118,0.0,0.8884946324752391,0.015168257703724219,86,0.9747106574510512,0.0474105538310734,0.5428384733930725,-0.49542791956199905,Outperformer
STLD,1376.0232558139535,0.011487913402500759,0.0,0.9356312249315138,0.024173406935283883,86,0.9917061786809823,0.952475085770299,0.38128968877396685,0.5711853969963322,High Risk
STT,1052.6744186046512,0.0700361407332947,0.0,0.7823676842834009,0.0195484650138959,86,0.9741798088342252,0.49817023362195734,0.7092157183931844,-0.2110454847712271,Outperformer
STX,1210.9302325581396,0.06489826175004355,0.0,1.2240526195805521,0.02462889888852863,86,1.0468344076227807,0.7205195229537658,0.6804386856382505,0.04008083731551526,Aligned
STZ,1083.2209302325582,-0.011691028023659438,0.0,0.25072398237161514,0.01573044962222455,86,0.9948513025297973,0.5410880575069434,0.2514654638711009,0.28962259363584253,Moderate Risk
SW,1192.7325581395348,0.022111508896791712,0.0,0.539976983807752,0.027032689286873714,86,0.9943299197822187,0.6949518052605783,0.4407919768798124,0.2541598283807659,Moderate Risk
SWK,1123.2674418604652,0.015419631889214792,0.0,0.10473537600937449,0.022605176826709462,86,1.0209881792055195,0.5973533736317596,0.40331106997897026,0.1940423036527893,Moderate Risk
SWKS,1361.4186046511627,-0.031995564821681304,0.0,0.43653847849812466,0.02353920385424584,86,0.9840616856512927,0.9319555628165332,0.13774065205377412,0.7942149107627592,High Risk
SYF,1130.860465116279,0.06677498731713918,0.0,0.85785078520744,0.0232531201888217,86,1.0148478960455167,0.6080215651037413,0.6909501424655499,-0.08292857736180859,Aligned
SYK,947.6860465116279,0.019244227799664778,0.0,0.9632599661978565,0.01564269379904344,86,1.0069451246982062,0.35066165659206017,0.42473246237614215,-0.07407080578408198,Aligned
SYY,1188.3720930232557,0.004752770656287711,0.0,0.5344341037527188,0.016634065312833277,86,1.0318646797582705,0.6888253553340957,0.3435664523861989,0.34525890294789685,Moderate Risk
T,787.3255813953489,0.06694947141182535,0.0,0.7670998959844988,0.014802079714732037,86,1.0417131143979468,0.12535533409573607,0.6919274201562793,-0.5665720860605432,Outperformer
TAP,866.4651162790698,0.01571158169622161,0.0,0.07388964368776127,0.017268290897978333,86,0.9917192052994299,0.23654631596144426,0.4049462679247412,-0.16839995196329693,Outperformer
TDG,1236.1279069767443,0.041394397261777016,0.0,1.5233073613258428,0.018798035867176096,86,0.9895061329957222,0.7559222349289334,0.5487945810473756,0.20712765388155785,Moderate Risk
TDY,903.3023255813954,0.046497314875035195,0.0,0.8948571932570494,0.016504490327975685,86,1.0426065230248687,0.2883025649403692,0.5773757967165577,-0.2890732317761885,Outperformer
TECH,914.4418604651163,0.003628701987687333,0.0,0.2493071223498318,0.021118547676116997,86,0.9802171365953303,0.30395360235255686,0.3372705935307147,-0.03331699117815784,Aligned
TEL,986.5697674418604,0.06418064354532133,0.0,0.8833614883612753,0.017214076732263106,86,1.025416705038892,0.405293252736481,0.6764193378392565,-0.27112608510277547,Outperformer
TER,752.9302325581396,0.05965807636372216,0.0,0.9299606453297113,0.028340716999335033,86,1.056132304519674,0.07702989707564134,0.6510886392483539,-0.5740587421727126,Outperformer
TFC,892.3139534883721,0.06717653934266228,0.0,0.7780532450827863,0.02014915934927226,86,0.9966908782578342,0.27286391112563324,0.6931992175856447,-0.4203353064600115,Outperformer
TGT,1398.546511627907,-0.04326965951642873,0.0,0.522037725353647,0.02069786760050803,86,1.034742875450975,0.9841202417905572,0.0745949467207776,0.9095252950697796,High Risk
TJX,1153.0,0.059174444984212524,0.0,1.0524391697684539,0.01544349798952475,86,1.0093895449366208,0.639127593530469,0.6483798412998556,-0.009252247769386601,Aligned
TKO,905.3488372093024,0.08001890243777215,0.0,0.8685504661743997,0.0219245263425266,86,1.0015737009650842,0.2911779121058651,0.765128724809047,-0.47395081270318196,Outperformer
TMO,782.9418604651163,0.013114409708826135,0.0,0.7504924250455567,0.016531866304641093,86,1.013867993312878,0.11919620976964551,0.39039962258818967,-0.27120341281854415,Outperformer
TMUS,740.6046511627907,0.01692691596811475,0.0,0.8753509867414752,0.01505059605052781,86,1.0126604213948422,0.05971246528345042,0.41175330138435995,-0.3520408361009095,Outperformer
TPL,1321.8953488372092,0.04981096449536171,0.0,0.5513582683598813,0.028295067262666552,86,0.983054145784916,0.876425420682895,0.5959354015599887,0.2804900191229063,Moderate Risk
TPR,972.046511627907,0.06028116372945784,0.0,0.9125960719971228,0.026137774333768914,86,0.9766933724494321,0.38488809018134296,0.6545785240026294,-0.26969043382128643,Outperformer
TRGP,991.1162790697674,0.05813067779949419,0.0,1.5353032517745884,0.02442349335590652,86,0.989200960540758,0.41168109785982687,0.6425337475010178,-0.2308526496411909,Outperformer
TRMB,1001.4069767441861,0.025186557933794443,0.0,0.8634347596453252,0.01951765533425767,86,0.9763378688905682,0.4261395196863258,0.4580151904177966,-0.031875670731470795,Aligned
TROW,1298.0116279069769,-0.0011235469890437963,0.0,0.4342865945863077,0.018180843484337253,86,0.9925043921804558,0.8428688122855745,0.3106534573722339,0.5322153549133406,High Risk
TRV,823.7093023255813,0.027956488612809024,0.0,1.0122447836355057,0.014704920178626284,86,1.0088296066531544,0.17647443228230686,0.47352944953887455,-0.2970550172565677,Outperformer
TSCO,1380.9186046511627,-0.024082957375787875,0.0,0.6764816337216281,0.01762540098873661,86,1.0175869267482651,0.9593530468877633,0.18205881610350885,0.7772942307842545,High Risk
TSLA,992.2325581395348,0.047665008698714574,0.0,0.9920269546533913,0.03809846272978128,86,1.005903709175432,0.41324946904100646,0.5839159981345545,-0.17066652909354807,Outperformer
TSN,777.4883720930233,0.013210187025130516,0.0,0.592799207693583,0.01586634180554028,86,0.9740491669111847,0.1115340630615913,0.39093606709718953,-0.27940200403559823,Outperformer
TT,800.0232558139535,0.011814871787521192,0.0,1.2743140220389602,0.016933382540636543,86,1.0220684337196573,0.14319555628165337,0.38312096821552344,-0.23992541193387007,Outperformer
TTD,875.3953488372093,-0.008734041908387485,0.0,0.7482597217440677,0.037836658222993064,86,0.9586234646943758,0.24909328541088072,0.26802741221057313,-0.01893412679969242,Aligned
TTWO,1100.0348837209303,0.043363754825825676,0.0,0.8815206046105901,0.019377416064820952,86,0.9556530408944377,0.5647116484234604,0.5598248655892165,0.00488678283424393,Aligned
TXN,757.1976744186046,0.015970844541270967,0.0,0.6386310181809983,0.01908200261900067,86,1.02542545798644,0.08302564940369206,0.40639838764348973,-0.3233727382397977,Outperformer
TXT,1327.093023255814,-0.005970258835349456,0.0,0.5522482839351794,0.019792672290141682,86,1.0190281357038624,0.8837281489952622,0.2835072388627026,0.6002209101325595,High Risk
TYL,791.4302325581396,-0.0028374741835872825,0.0,0.8768409058534948,0.017885419647140598,86,1.0320409688647392,0.13112236562653168,0.3010538270232645,-0.16993146139673282,Outperformer
UAL,953.1627906976744,0.04416078215430166,0.0,0.2603705450140522,0.029523686130626028,86,1.0075394178485206,0.35835647769972234,0.564288980375279,-0.20593250267555663,Outperformer
UDR,897.4767441860465,0.024950653240740896,0.0,0.476119338675851,0.015086706159255375,86,1.0065798559602435,0.2801176278385884,0.4566938986744187,-0.17657627083583027,Outperformer
UHS,758.1046511627907,0.020854584681682897,0.0,0.6349660717209953,0.02053162185380887,86,1.0476626033283265,0.0842999509884006,0.433751999989238,-0.34945204900083743,Outperformer
ULTA,1250.8023255813953,0.03403384868896239,0.0,0.7586341546368375,0.022630910247656597,86,1.014217104331332,0.7765397810815227,0.5075684743086496,0.26897130677287306,Moderate Risk
UNH,1019.5813953488372,-0.002320958717941099,0.0,0.4131078676459029,0.01790041477231155,86,1.0218684215431353,0.45167456297990527,0.30394680728258633,0.14772775569731894,Aligned
UNP,1099.8139534883721,0.028999463619757335,0.0,0.616165849367596,0.01514174257026935,86,1.004151186031254,0.5644012416271853,0.4793711063850887,0.08503013524209663,Aligned
UPS,1285.9883720930231,-0.02599774692323976,0.0,0.05545561106019098,0.018308905784132606,86,1.0488726487113857,0.8259761476882861,0.1713341646071514,0.6546419830811347,High Risk
URI,732.3023255813954,0.029238244324594338,0.0,0.9087203252029518,0.0253970025229586,86,1.0061002103651,0.048047704623427556,0.4807085065431579,-0.43266080191973033,Outperformer
USB,1290.546511627907,0.03406274117826396,0.0,0.6557757460620972,0.01849256284663739,86,1.0044933828680223,0.8323803300114361,0.5077302998622901,0.32465003014914595,Moderate Risk
V,1147.0116279069769,0.01398731886491213,0.0,0.8600761193737989,0.014519498332234015,86,1.0178374023923455,0.6307139356314331,0.3952887481317565,0.23542518749967656,Moderate Risk
VICI,1255.3953488372092,0.020114965157158878,0.0,1.0192760198604893,0.014935930110151928,86,1.00370810188778,0.7829929750040843,0.4296094237719313,0.353383551232153,High Risk
VLO,811.0930232558139,0.0012504136303563079,0.0,0.7678435822603338,0.024449619616714463,86,1.002667100509516,0.15874857049501712,0.32394990571718324,-0.16520133522216612,Outperformer
VMC,1126.0232558139535,0.013164243510311244,0.0,0.8166055795576579,0.017259110969814164,86,0.9992379730954516,0.6012252899852966,0.39067873950439475,0.21054655048090182,Moderate Risk
VRSK,1339.6511627906978,0.005273203661257453,0.0,0.9471404381790525,0.014166475173601378,86,1.0225274590680185,0.9013723247835324,0.34648137460986056,0.5548909501736718,High Risk
VRSN,793.8139534883721,0.03655847392961295,0.0,0.6972793283622067,0.015297202193532323,86,1.0144859788374583,0.13447149158634208,0.5217087885279934,-0.3872372969416513,Outperformer
VRTX,924.3255813953489,0.028129780580648984,0.0,0.8510752653702365,0.01766423719919376,86,0.9749926567335783,0.31784022218591734,0.47450005017990826,-0.15665982799399092,Outperformer
VST,1067.0348837209303,0.04087598734054467,0.0,1.1559550308607438,0.025390862616815894,86,1.0359838694170305,0.51834667537984,0.5458909900261744,-0.027544314646334334,Aligned
VTR,1180.453488372093,0.053114874123556484,0.0,0.9124986029795464,0.018289576779098905,86,0.994305929905306,0.6776997222676033,0.6144404531386344,0.06325926912896895,Aligned
VTRS,1000.6046511627907,0.040065701918742716,0.0,0.027479795440981558,0.021889859833159386,86,0.9946994315063495,0.425012252899853,0.5413526172462679,-0.11634036434641493,Aligned
VZ,1039.4651162790697,0.02914712815216542,0.0,0.3324644902799979,0.012708202509460788,86,1.0591080682160248,0.47961117464466585,0.48019816889467715,-0.0005869942500112968,Aligned
WAB,1045.4186046511627,0.06467661383933074,0.0,1.1287711726047915,0.018506430610912922,86,0.9914409209450082,0.48797582094429015,0.679197245501681,-0.19122142455739088,Outperformer
WAT,813.3023255813954,0.033255730955558026,0.0,0.6136950056952503,0.018811195866613974,86,0.9988693462129579,0.16185263845776832,0.5032102713275426,-0.3413576328697743,Outperformer
WBD,1368.1627906976744,0.04261148494371753,0.0,0.16127179304038605,0.029741024741438988,86,0.9863112533576618,0.9414311387028265,0.5556114352790542,0.38581970342377225,High Risk
WDAY,745.4883720930233,-0.04591335133107285,0.0,0.3780086221596805,0.023902278578663092,86,1.021430690455428,0.06657408920111085,0.05978774589102509,0.006786343310085763,Aligned
WDC,1009.2093023255813,0.07569141440200448,0.0,1.148249512760564,0.03003682259723164,86,1.033654020214145,0.43710178075477857,0.7408906558786906,-0.30378887512391206,Outperformer
WEC,755.3953488372093,0.05479566103104663,0.0,0.8345302472790059,0.012566978528045602,86,0.9977426022376286,0.08049338343407952,0.623854466206786,-0.5433610827727064,Outperformer
WELL,882.9302325581396,0.08031001105743343,0.0,1.3420106210814045,0.017259528109978266,86,0.9941253619095993,0.25967979088384263,0.7667592113017311,-0.5070794204178884,Outperformer
WFC,824.2906976744187,0.056431769171947296,0.0,0.7005994197616875,0.01932352568603315,86,0.9899388004563313,0.1772912922725045,0.6330182354809933,-0.45572694320848883,Outperformer
WM,1258.953488372093,0.008767358508610264,0.0,1.2157661170309795,0.011858118459839355,86,1.0264890044746537,0.7879921581440943,0.3660519812397302,0.4219401769043641,High Risk
WMB,1202.7093023255813,0.09261940401375988,0.0,1.2166254402286742,0.016591127732124875,86,1.0071579957060344,0.7089691226923704,0.8357035763699425,-0.12673445367757208,Aligned
WMT,1191.4651162790697,0.08013233468322975,0.0,1.0370493153160614,0.012475160384019782,86,1.02463796204384,0.6931710504819473,0.7657640537947316,-0.07259300331278429,Aligned
WRB,1135.9883720930231,0.021519330640039674,0.0,1.1619099298183775,0.01516797491363101,86,1.0387483089831595,0.6152262702172846,0.4374752126767502,0.17775105754053439,Moderate Risk
WSM,896.9767441860465,0.03312754955457274,0.0,0.7951936913125165,0.02791901831144922,86,1.0222369801850018,0.27941512824701853,0.5024923329746247,-0.22307720472760617,Outperformer
WST,812.6860465116279,-0.0012964714954260678,0.0,0.9508711209609253,0.021315320590071265,86,1.0394815800548618,0.16098676686815883,0.3096849148665588,-0.14869814799839998,Aligned
WTW,723.7790697674419,0.019281263061130982,0.0,0.917584628476215,0.014785913893649255,86,1.018974991669331,0.03607253716712955,0.42493989523623377,-0.3888673580691042,Outperformer
WY,737.8255813953489,-0.017513043466783996,0.0,0.383986286690213,0.0183906162981284,86,1.003042958018636,0.05580787453030567,0.21885661308798846,-0.1630487385576828,Outperformer
WYNN,944.4651162790698,0.004842385717548161,0.0,0.34015172118256226,0.027192171685410882,86,0.9648629024255296,0.34613625224636513,0.34406838237747234,0.002067869868892791,Aligned
XEL,1106.1511627906978,0.07113305713103962,0.0,0.8840387148156981,0.013023137422859718,86,1.0105798273153588,0.5733050155203401,0.7153594985815133,-0.1420544830611732,Aligned
XOM,1263.0348837209303,0.026416773886371925,0.0,0.6652528391529743,0.017422386083358346,86,0.9998769876686565,0.7937265152752822,0.4649055755121848,0.32882093976309734,Moderate Risk
XYL,1069.3953488372092,0.0046638283325538534,0.0,0.8617755988938854,0.016247565497053272,86,0.9886268182241771,0.5216631269400425,0.3430682903680329,0.17859483657200959,Moderate Risk
XYZ,1268.3023255813953,-0.028278085572247133,0.0,0.4638866601004472,0.03427341231935253,86,0.9897900997862835,0.8011272667864728,0.15856208877415798,0.6425651780123148,High Risk
YUM,957.0116279069767,0.01731334537075154,0.0,0.8054318582521351,0.013190329661059751,86,1.0184282402947618,0.36376409083483097,0.41391767536307744,-0.050153584528246475,Aligned
ZBH,923.5697674418604,-0.041681742281231546,0.0,0.47295415868665935,0.016360765738351653,86,0.9807190530337775,0.31677830419866027,0.08348880086532931,0.23328950333333096,Moderate Risk
ZBRA,1327.0116279069769,0.018737432303072874,0.0,0.6722184505045313,0.023205391408030074,86,0.9818464847390624,0.8836137885966349,0.42189392323323505,0.4617198653633998,High Risk
ZTS,755.1511627906976,0.0007519080958458576,0.0,0.7232269432735982,0.01563607977033386,86,0.9821984911788741,0.08015030223819641,0.3211577982849359,-0.2410074960467395,Outperformer
