Ticker,ESG_Score,Predicted_Return,Actual_Return,Sharpe_30d,Volatility_30d,n_months
A,1090.7558139534883,0.010551286,0.008382867093472295,0.6805726116130743,0.017096585278012943,86
AAPL,824.6511627906976,0.008457904,0.024893238145341837,1.4464950642909207,0.017420671056387647,86
ABBV,990.7790697674419,0.007193111,0.017722023255466686,1.1698247452140698,0.014796581105854238,86
ABT,1373.6511627906978,0.004926285,0.007289905004220144,0.6516713416221533,0.01445906353604166,86
ACGL,833.0348837209302,0.009073689,0.0174715019439847,1.3580815261153723,0.016440711181561533,86
ACN,932.6395348837209,0.0064426446,0.007068968554716205,0.8874114072056499,0.016524846396349956,86
ADBE,722.3139534883721,0.014285266,0.00439696846456719,0.7859998463699619,0.020088011367373225,86
ADI,703.0697674418604,0.014693543,0.018604234867096642,0.8019328273592625,0.020135570641786085,86
ADM,822.5813953488372,0.009071644,0.011124022893423336,0.608810550481447,0.016870835263355283,86
ADP,934.8023255813954,0.0046545537,0.008084583756151698,0.8923114263417381,0.014180966072955025,86
ADSK,878.6976744186046,0.01229318,0.010074349648203413,0.7107192126620191,0.02132397603933213,86
AEE,1126.3720930232557,0.0076184836,0.00907643760694008,0.7958900543086354,0.012569707331058295,86
AEP,938.8372093023256,0.004866588,0.010547906882404461,1.0418966215105105,0.012683431572741962,86
AES,1315.2674418604652,0.017943606,0.00728869713024449,0.435601186447013,0.021468610600896013,86
AFL,1213.4883720930231,0.006519015,0.013980194380619974,1.0224953182924639,0.014417280314401742,86
AIG,733.5232558139535,0.013794913,0.013068245859798292,0.8565479698589262,0.018466409326274958,86
AIZ,1243.6744186046512,0.0065671587,0.012980056802613986,1.0470348991198266,0.015380527308979123,86
AJG,747.8837209302326,0.0056737857,0.015834100302801586,1.2016144379319265,0.013860649035667902,86
AKAM,1291.6627906976744,0.005422013,0.009528991179548373,0.6786039259255815,0.017367212394920548,86
ALB,843.0232558139535,0.030272808,0.020842414675766686,0.36854517167163703,0.03108645483649968,86
ALGN,801.8488372093024,0.021762405,0.006505391181189466,0.3328585701186163,0.030918935804411424,86
ALL,762.9302325581396,0.0075976932,0.01403370932520158,1.039067438048698,0.015345898922713774,86
ALLE,1089.4651162790697,0.012299137,0.010001968239279362,0.5194868097005285,0.016582864502595995,86
AMAT,1362.406976744186,0.023313187,0.032336178140629855,1.0211009380227936,0.026755580709199055,86
AMCR,809.7674418604652,0.011103005,0.0035427956895395943,0.35095152158411164,0.015466957949813872,86
AMD,829.8488372093024,0.031846788,0.034809633670622016,0.8576690976500195,0.032018882441055906,86
AME,834.3023255813954,0.006243046,0.015369247128021733,1.1644358830362793,0.014091780896285582,86
AMGN,1298.7441860465117,0.0077395895,0.012506263602147237,0.37826857391804264,0.014618156071368953,86
AMP,1239.8837209302326,0.0113972165,0.019695283299882214,1.1320915981529716,0.018745054032241505,86
AMT,1003.9418604651163,0.010471631,0.0045779651863902746,0.6009062331569961,0.016104765066686823,86
AMZN,1316.9883720930231,0.010794055,0.014051651897472362,0.6360791898815645,0.020007141411081068,86
ANET,1285.4302325581396,0.021025043,0.03290693995035457,1.1986685649077728,0.026187189943086307,86
AON,1276.1046511627908,0.00357866,0.011489749899166266,0.9083246119924816,0.014589757479888789,86
AOS,1079.3139534883721,0.012131562,0.008848600693237804,0.17107280728042285,0.01746815882915021,86
APA,1298.1162790697674,0.036251407,0.022266115396533562,0.22677263846905796,0.033934197790430595,86
APD,1218.4651162790697,0.0057287957,0.011320086666095302,0.8223644339264545,0.015356995276543122,86
APH,1303.093023255814,0.010777856,0.024266639565501114,1.4790451428938514,0.01695182109779483,86
APO,1073.7790697674418,0.02012214,0.02413849977566895,1.0057945938772048,0.022897846742699277,86
APTV,1299.0,0.018402353,0.005709868142085513,0.42466189084093475,0.024112034743347,86
ARE,1361.360465116279,0.0105099855,-0.005335248772371492,0.3805869154094319,0.017437840550842257,86
ARES,760.2325581395348,0.013775806,0.026603467368028277,1.3584837918476604,0.020932349686877495,86
ATO,1018.2558139534884,0.0051631364,0.010952097027367564,0.9386099967435425,0.012535849142717442,86
AVB,967.9651162790698,0.0061094332,0.002849929253314801,0.640028377043863,0.014550872402183574,86
AVGO,1104.1279069767443,0.016887067,0.03604629268105362,1.2311548539357093,0.023463948567795802,86
AVY,833.4186046511628,0.008430531,0.009487637896376102,0.8466450189265522,0.016596773107140413,86
AWK,924.2558139534884,0.005633699,0.007502423197319665,0.4899851426773924,0.014236813609894679,86
AXON,1130.7093023255813,0.020227391,0.03362964471437738,1.0739289487145516,0.027907640457584818,86
AXP,925.0581395348837,0.008572729,0.017059923973367423,0.9226900510177841,0.019001975784264914,86
AZO,906.2325581395348,0.006873836,0.01865363568953183,0.8858898917696596,0.01523689930301726,86
BA,747.1279069767442,0.020741878,0.0005265894529208211,0.2084440762401364,0.024545345916795764,86
BAC,1121.5232558139535,0.011481276,0.011961814269408419,0.7313059795026476,0.017727732423019074,86
BALL,707.0232558139535,0.010799981,0.005647975493524696,0.7647047437599205,0.0175604699923918,86
BAX,810.453488372093,0.008835935,-0.011811250819549533,0.011160513179611963,0.017769560927367898,86
BBY,1225.8953488372092,0.018977791,0.0093727501133258,0.3331784470946102,0.022927762409308595,86
BDX,1129.5697674418604,0.0048512816,0.0007366108809934108,0.4996947348886196,0.013984146623805939,86
BEN,1368.7558139534883,0.015362697,0.00594868723582048,0.08345432739912914,0.020477857865317837,86
BF-B,830.5232558139535,0.00735675,-0.0029812457087787327,-0.022466778553202508,0.01605895911144711,86
BG,1004.8372093023256,0.012667925,0.015773005103783117,0.5851489522139423,0.01860449971767476,86
BIIB,1050.9302325581396,0.015515501,-0.0027592108626657173,-0.24183500143486156,0.02276126853550395,86
BK,872.0813953488372,0.009807743,0.014618361060075562,1.1925692348309276,0.016119712645546916,86
BKNG,1240.1511627906978,0.0071363985,0.014061815574640158,0.826518155077067,0.01980033773243548,86
BKR,1035.1744186046512,0.02597853,0.02149340509770216,0.6900290041253746,0.023124480079807753,86
BLDR,1283.8139534883721,0.030238034,0.031877984841275325,0.984103045449104,0.0285210476086223,86
BLK,734.4767441860465,0.008595124,0.015010777480052835,0.8497754593506045,0.015989415105665875,86
BMY,791.5,0.006774078,0.007766260270563359,0.26467685504502164,0.014658725316681965,86
BR,1114.8837209302326,0.0045772674,0.009238186436009916,0.8292496836160338,0.013982599799400973,86
BRK-B,1191.5,0.004748371,0.011490486828659585,0.9486060364259684,0.010994459032025656,86
BRO,1382.953488372093,0.0040793177,0.013422683460272469,1.1658950549066232,0.014916364511869104,86
BSX,880.5116279069767,0.008431103,0.008054807791573587,1.2136867459648302,0.015667405527963002,86
BX,828.5697674418604,0.016471578,0.02283092707532087,1.2626502718454171,0.02191834838143276,86
BXP,1254.7558139534883,0.018777413,-0.0029880898001659736,0.15693132531109244,0.019973992119361437,86
C,936.3139534883721,0.01498863,0.01443734648369143,0.7051410580291462,0.019026680610914608,86
CAG,1151.4302325581396,0.011089265,0.0023619963087089077,0.2343043823271139,0.015935847245397997,86
CAH,1027.7209302325582,0.008512051,0.022229449180080407,1.1268145806221506,0.016410916004398788,86
CAT,1126.8255813953488,0.013209221,0.025485875651447956,0.872258202480137,0.01864300627063901,86
CB,931.1046511627907,0.0071942722,0.01382891164479808,1.1280205290920415,0.014259357529320638,86
CBOE,1307.8255813953488,0.009022627,0.015705786325742422,1.0906417113786733,0.014669453671502493,86
CBRE,1015.1046511627907,0.01390479,0.017136609047397323,1.1026584957519912,0.01998787537604739,86
CCI,1003.8720930232558,0.010993191,0.0017813318481512256,0.4790047336416386,0.016032216108103466,86
CCL,1207.139534883721,0.029642759,0.007643139845786364,0.3174159115822077,0.035097328553392565,86
CDNS,1020.4186046511628,0.013798129,0.024105718061956244,1.3206965043721433,0.021412733325167802,86
CDW,1247.1627906976744,0.0104029905,0.008427881470304694,0.5010014729076345,0.01798165648926946,86
CF,725.1976744186046,0.02310981,0.02040353305277479,0.500193288841339,0.022892062317938666,86
CFG,1311.3255813953488,0.020124195,0.016622597023201797,0.8712279023881683,0.022617946753943522,86
CHD,730.3139534883721,0.005335682,0.007128054132770523,0.7117797472416023,0.013304460339243977,86
CHRW,967.2441860465116,0.0047438266,0.01255222654910985,0.46373178087372524,0.01829571909508625,86
CHTR,1119.1860465116279,0.00944578,0.000553945015127322,0.3037765886155462,0.020275956984925313,86
CI,853.4651162790698,0.005037014,0.007980508063434739,0.3882409896728386,0.018417166903104264,86
CIEN,1033.1860465116279,0.01700148,0.03485934383209478,1.09441928809929,0.02464247208064538,86
CINF,766.6976744186046,0.0061282087,0.012740861322881557,0.8410956114371704,0.017537553363974608,86
CL,1044.639534883721,0.00385681,0.006517008266957581,0.8489264512889781,0.011726019768981084,86
CLX,1131.453488372093,0.0071399705,0.0008363895523560359,0.2282880768259899,0.014566204931820016,86
CMCSA,838.7790697674419,0.0079160575,0.002807378160019153,0.2512032394117015,0.016148787612263238,86
CME,841.1860465116279,0.008467917,0.010229833374236576,0.7970966698688009,0.01356303074932176,86
CMG,1256.0813953488373,0.011282117,0.017709854202939704,0.9988776879915138,0.020704233629085165,86
CMI,1143.406976744186,0.011028087,0.0202697025979761,0.6972914511891202,0.01675176995815183,86
CMS,820.3255813953489,0.004187994,0.008429022968849441,0.8956958888464842,0.012362536266176442,86
CNC,828.5930232558139,0.019762505,-0.0014081838177644516,-0.08751421963407759,0.022162664084756267,86
CNP,1215.453488372093,0.00965335,0.008947666308423028,0.7218359211831856,0.014402023344222772,86
COF,1226.0581395348838,0.018281013,0.016529672485790223,0.8979199902114379,0.022666158001914627,86
COHR,1384.8139534883721,0.029788442,0.03168660559515477,0.772009209393415,0.03275681329120254,86
COO,1120.0581395348838,0.008957553,0.0031650899240810203,0.456134090453811,0.016811777506584375,86
COP,1114.2325581395348,0.017878853,0.017117114743556056,0.4518026705284552,0.02217694008253605,86
COR,1018.7790697674419,0.008425978,0.02034978664614156,1.3442668213087674,0.014666261650893854,86
COST,1150.5232558139535,0.0034401445,0.02111380833775016,1.3408179953806014,0.012911449042334898,86
CPAY,741.0813953488372,0.012627574,0.008512782816268875,0.5043547161711383,0.01918805386762024,86
CPB,914.6744186046511,0.008821547,-0.000954385360448141,-0.007554139874150892,0.014887582866612578,86
CPRT,723.4883720930233,0.0075375736,0.014986614708623915,1.111052833688127,0.01643686171469602,86
CPT,1242.2325581395348,0.006948575,0.004978498548953504,0.7518998560552685,0.01444765893007078,86
CRH,795.0232558139535,0.010481682,0.020954774310900204,1.131314871440783,0.018104673612355383,86
CRL,950.1279069767442,0.018807141,0.009473150618886374,0.7077455726277367,0.022648489458265173,86
CRM,1220.1162790697674,0.012109855,0.007504611953011801,0.6107259641950017,0.021688649967187595,86
CSCO,941.2906976744187,0.006988398,0.010635576436807306,0.763591410871647,0.01483332054659251,86
CSGP,1003.1976744186046,0.012688943,0.004144670769348726,0.4944151971158448,0.02103640905642252,86
CSX,1368.5116279069769,0.011202637,0.011105391564520374,0.6756999521054704,0.015325710517401772,86
CTAS,734.5697674418604,0.009375449,0.01932433161949533,1.3734123043933808,0.015531052712655648,86
CTRA,984.5813953488372,0.019381065,0.012435477044066568,0.2346802256929167,0.021759167210283238,86
CTSH,1187.9418604651162,0.009493851,0.0028771577203376146,0.4161121528836964,0.016194861543828782,86
CVNA,1054.6976744186047,0.04696209,0.04110608965540941,0.8808120346922781,0.056075397417685115,86
CVS,792.2558139534884,0.008579758,0.00730354149281522,0.11180761851757719,0.017021224234570004,86
CVX,703.4186046511628,0.012302294,0.014352306588516188,0.5684423595891427,0.01709025256853959,86
D,915.0697674418604,0.008157263,0.003895579912080527,0.4992244970579322,0.013815458948970029,86
DAL,731.5930232558139,0.024549829,0.011537414494489601,0.41091181322843456,0.02446167718925845,86
DD,1041.2558139534883,0.011773743,0.0105141432893407,0.4817516599403978,0.01877394239673196,86
DE,1035.2790697674418,0.013147465,0.01911886222067796,0.7734383793869617,0.018613223140633704,86
DECK,934.8372093023256,0.017665254,0.0239456940349949,1.183831588491991,0.026932716999678898,86
DELL,1048.3372093023256,0.015251433,0.028482028448089506,0.9002228055529164,0.025915522320519666,86
DG,770.7674418604652,0.012366558,0.0057166842709206215,0.4162641243557981,0.018467569283969316,86
DGX,1034.8488372093022,0.011184499,0.014371136334283049,0.8798700508281587,0.014672858799258615,86
DHI,1118.8023255813953,0.020090185,0.022198542295489034,0.7796803220890702,0.02235794624749064,86
DHR,1271.8837209302326,0.0074166865,0.010288633610060436,0.9221870883756526,0.016663729068243368,86
DIS,725.7906976744187,0.012380435,0.0034605578109114703,0.025226529734096424,0.017452095832607695,86
DLR,784.546511627907,0.009309523,0.011272902633092262,0.7848043606513003,0.01755836507336732,86
DLTR,1130.7790697674418,0.011682958,0.006288130393664606,0.28055815568630027,0.022578544014757423,86
DOC,1143.639534883721,0.0103130005,-0.00018730911784799995,0.4398145201483494,0.016795978022296744,86
DOV,887.0581395348837,0.0076423045,0.013813784060866406,0.9233432509859204,0.015735611853642962,86
DPZ,1038.8953488372092,0.008847957,0.007607879635433146,0.5644671195254894,0.018548115172206288,86
DRI,1115.7674418604652,0.01548127,0.01408587395970544,0.8402403933867434,0.019864933531583712,86
DTE,924.4069767441861,0.0052235625,0.00857527211323539,0.792460971471123,0.012600771633350293,86
DUK,782.6860465116279,0.006374314,0.009360267324340083,0.9448397262382439,0.011812628946279219,86
DVA,1312.2790697674418,0.0105168065,0.017304943196892294,0.5569746345191215,0.020426928964956906,86
DVN,1134.546511627907,0.029376665,0.02190907066401038,0.5321926067029149,0.02891273390878712,86
DXCM,785.2093023255813,0.021105666,0.016315096061302766,0.5831246967985986,0.028186957407477512,86
EA,1226.2441860465117,0.007973099,0.011958483601080015,0.9177626341306065,0.01588118449813194,86
EBAY,840.3604651162791,0.013337167,0.017024625210609146,0.7427244517886947,0.01981815292657629,86
ECL,767.3488372093024,0.008032697,0.00939734197219255,0.8008045014854117,0.015084565493290418,86
ED,1146.593023255814,0.005048648,0.008968706898918037,0.6897275279526787,0.012360060937885579,86
EFX,1276.1860465116279,0.013302737,0.011567399992270067,0.6094696618854815,0.01922884680309643,86
EG,774.1860465116279,0.006660821,0.008882034208611084,0.616648278080341,0.016536668982298386,86
EIX,1130.3953488372092,0.007863226,0.010239825800265896,0.7748336991229267,0.016435768962970877,86
EL,970.4651162790698,0.016156206,-0.000197527154289746,0.5492918178713785,0.02254038034174906,86
ELV,866.1279069767442,0.01222235,0.004008177472965066,0.5497278859676897,0.01848739926572781,86
EME,927.3837209302326,0.011500604,0.03264466017603306,1.5221838258433624,0.020687787765425836,86
EMR,840.5,0.010604949,0.01388216442614718,0.7687419397608832,0.01667708553791845,86
EOG,1237.3720930232557,0.022227542,0.015107789794200398,0.2927278460246158,0.023519518689559336,86
EPAM,876.5348837209302,0.017944198,0.011795864008695587,0.9023240927555403,0.026359429052818024,86
EQIX,802.4069767441861,0.0057539097,0.014474840728442179,0.9119243528906343,0.016947945989011424,86
EQR,832.5930232558139,0.0064030346,0.0025595974633639148,0.5814828825747217,0.014925381108598165,86
EQT,753.4418604651163,0.030838631,0.021799641543542102,0.3963012170004498,0.03142815807089706,86
ERIE,1302.1046511627908,0.009911399,0.011857291279144415,0.3526232571883355,0.01847828949936149,86
ES,819.0116279069767,0.008998998,0.004782266951444377,0.6059160313518596,0.014558666192535959,86
ESS,1116.0697674418604,0.008108704,0.0036635579799967344,0.4833508941596177,0.015560383621409588,86
ETN,726.3023255813954,0.010890976,0.022383408788958323,1.2486796563428246,0.017985031217403403,86
ETR,725.4651162790698,0.0069725993,0.015979404748134675,1.210624709273681,0.014234312791682276,86
EVRG,767.6279069767442,0.006220118,0.009011750294680718,1.0203921698700897,0.01281626396802988,86
EW,1056.7441860465117,0.007325898,0.007851792655490023,0.561392985530208,0.019666483802906753,86
EXC,1118.9767441860465,0.0077672657,0.00863526535362011,0.8539316458512753,0.013630564747905957,86
EXPD,1393.6976744186047,0.0109177595,0.011971253721960855,0.6369780270257241,0.015269620496015551,86
EXPE,1362.3953488372092,0.021526732,0.01722317045329669,0.7665200421362177,0.025491815487565586,86
EXR,1024.906976744186,0.006670878,0.009516098675147102,0.7661621540464446,0.016548341055969487,86
F,1133.1976744186047,0.019769832,0.014191344967680687,0.44238921647739,0.024354172833690617,86
FANG,1381.8372093023256,0.0240425,0.02053902277435055,0.7401828642971661,0.027478198711247324,86
FAST,1357.8255813953488,0.0099761905,0.01778217140317376,0.9456424676698818,0.015251324248329498,86
FCX,798.8023255813954,0.02655953,0.028894019998044695,0.5984104290918415,0.02897685005582597,86
FDS,1097.2093023255813,0.006275425,0.0030719644376129085,0.42837325709410157,0.016704359070751205,86
FDX,1025.1627906976744,0.012343909,0.01434672036451843,0.5329245262707365,0.020743824367750466,86
FE,935.8953488372093,0.0068155285,0.00832390424393806,0.9911732427944859,0.013919055907909133,86
FFIV,784.0930232558139,0.010977583,0.010604162813642366,0.5455018228999239,0.018702504534430318,86
FICO,797.3488372093024,0.015641814,0.023993640014735394,0.9886715402118448,0.022565340886259062,86
FIS,1143.4418604651162,0.012273016,-0.003954082785181218,0.29382406654481447,0.017963002127671865,86
FISV,1149.639534883721,0.012327746,0.00046226805334015646,0.7308806686826455,0.01879363741723085,86
FITB,1060.3255813953488,0.017830184,0.014829650412439416,0.8360134438484826,0.02131458474144691,86
FIX,1033.0232558139535,0.0200183,0.04684000974350049,1.4043281428349608,0.0268792919841051,86
FRT,1209.1976744186047,0.012183207,0.004025288247972758,0.43582821649837844,0.01642825753704071,86
FSLR,1160.3139534883721,0.025978329,0.025566354622903326,0.6374566137235882,0.03140583665905569,86
FTNT,1152.453488372093,0.01620592,0.025348525886919174,0.9799894546962434,0.023547536902790062,86
FTV,1179.1976744186047,0.01138098,0.0047251010062875735,0.38796050216596406,0.01615581675644602,86
GD,902.8139534883721,0.006983048,0.011683371673513186,0.7707430317097371,0.013456454687444185,86
GDDY,1148.8023255813953,0.012067962,0.00630745084171474,0.6266895177395793,0.019179032354386883,86
GE,842.9302325581396,0.015782734,0.026730074984230818,1.4049354387389774,0.02214056225598223,86
GEN,953.8255813953489,0.013746986,0.011463476956481634,0.48557501547907855,0.017973128729524026,86
GILD,951.8139534883721,0.008072151,0.013342361991439884,0.42072225405542574,0.015239839774629458,86
GIS,1036.639534883721,0.0067992476,0.0023510882336446417,0.375949406304299,0.013522449356167908,86
GL,964.1162790697674,0.009152903,0.009466560358223155,1.0121202501097337,0.016728588029740296,86
GLW,1167.453488372093,0.013276843,0.02315627819912533,0.7778618813905709,0.019416962064298018,86
GM,1365.593023255814,0.02195289,0.0141203555154251,0.534794831188592,0.023417056276147596,86
GNRC,763.5348837209302,0.025572622,0.026569307391806282,0.8784288506949691,0.02848450418045393,86
GOOG,1342.8372093023256,0.011818567,0.02236023838210958,1.0225229048124982,0.01876006956920045,86
GOOGL,970.1395348837209,0.011807088,0.022283928287260276,1.0299729645799098,0.018820566696381776,86
GPC,1016.4651162790698,0.01036213,0.006079601791148718,0.4232549002568621,0.016889037260810615,86
GPN,931.2558139534884,0.015477905,-0.0008342960937609351,0.18884721632464524,0.020597552911082794,86
GRMN,1092.2209302325582,0.005777693,0.019187176675969066,0.9557513410836486,0.017658638472625433,86
GS,1207.0232558139535,0.010760383,0.02250697628938435,1.0506864171840882,0.017649999700707807,86
GWW,1091.360465116279,0.008537596,0.019205518144681712,0.7025147883063223,0.016016993322720465,86
HAL,820.6627906976744,0.034404803,0.01773682711941499,0.27447300258233376,0.02748991672142437,86
HAS,1261.3023255813953,0.011308866,0.00735573643107292,0.5938736379288455,0.021531588012173093,86
HBAN,937.8488372093024,0.015983513,0.010009902830850875,0.6454495816043474,0.020681480297623737,86
HCA,800.6744186046511,0.01435994,0.020352108980137857,0.9958946075454784,0.019690176081651467,86
HD,1266.4767441860465,0.009379326,0.011284058854982234,0.8340501413479251,0.014913376211889982,86
HIG,977.2790697674419,0.00971327,0.017039826131994843,1.2759690321989183,0.016125058019380252,86
HII,772.2790697674419,0.010109914,0.012973421310450168,0.8645242043011011,0.017601747276375316,86
HLT,1082.9302325581396,0.012645009,0.020220789704462172,1.219260717118733,0.01768726395643182,86
HOLX,869.7209302325581,0.010746455,0.009492451449836141,0.7956985280735016,0.01530797896911698,86
HON,789.4069767441861,0.008266173,0.009892368670909289,0.6694118993712642,0.014203742429123076,86
HPE,1070.7674418604652,0.018375946,0.011712316768438978,0.37334020929157014,0.021902906220616337,86
HPQ,1007.2674418604652,0.016054723,0.005192647753383893,0.20595849743502723,0.021600470467191515,86
HRL,1345.6279069767443,0.001356617,-0.003088741855414547,-0.05187199163994431,0.014360624565848636,86
HSIC,1151.0813953488373,0.012391547,0.005184448587645387,-0.01964981682757736,0.016599608299915514,86
HST,1048.4883720930231,0.018775105,0.007619557810610894,0.3386453380765906,0.020357800243107276,86
HSY,1355.546511627907,0.008193642,0.011655585723889124,0.7156523368815146,0.013470980177099067,86
HUBB,1079.9186046511627,0.013344297,0.02206161292120321,1.2006353202332096,0.017790158025457393,86
HUM,1321.6511627906978,0.011185926,-0.0017158021258261377,0.2967381434755987,0.020927550717456663,86
HWM,1124.1976744186047,0.017740043,0.03971573178626233,1.5663807494941044,0.021835130464708027,86
IBKR,1074.593023255814,0.014761397,0.024453488954053557,1.022843290795525,0.02024704657407619,86
IBM,1311.2790697674418,0.007148593,0.013910833624113992,0.9919277406972982,0.01588348045218689,86
ICE,980.1046511627907,0.0071493415,0.011570611276506299,1.0456553860659128,0.012805694541721618,86
IDXX,989.6976744186046,0.010349921,0.016001417873978827,0.8392699076878984,0.019654508577303942,86
IEX,778.9069767441861,0.0045748465,0.006805889835436369,0.6365973804643857,0.014903020524654092,86
IFF,1288.639534883721,0.01220405,-0.0013336367634982527,0.42454186663076715,0.017815932662284515,86
INCY,1368.2674418604652,0.015409392,0.005065082307206176,0.3324269921846247,0.018841820783866762,86
INTC,740.5,0.01775865,0.008011107807353224,0.04588750311728399,0.02697395763408922,86
INTU,1054.2325581395348,0.009075345,0.012341839611647636,0.9767034059626832,0.020775953398910006,86
INVH,1162.7441860465117,0.009682771,0.0054562100373289285,0.7731886570441215,0.015012203488166453,86
IP,698.1046511627907,0.0077868397,0.0049459495126244766,0.26802207683078205,0.01979535477521902,86
IQV,1171.453488372093,0.011831828,0.007798529595538289,0.6552469385766304,0.019039220452573644,86
IR,1248.3720930232557,0.01659968,0.018674532143807133,0.9568422552879102,0.019408015514167962,86
IRM,819.2441860465116,0.012304246,0.01951813327955856,1.155989678692312,0.018043441306602147,86
ISRG,1228.6860465116279,0.012962291,0.015777113676487108,0.9166716670239853,0.020175565749961547,86
IT,782.3837209302326,0.010811447,0.007051457186823786,0.6218869439227847,0.019016542475656695,86
ITW,875.7558139534884,0.008559005,0.011604534466351226,0.8214004057008361,0.013981037383949672,86
IVZ,734.5348837209302,0.023660429,0.014482445999583704,0.3453264994226558,0.023843180557616306,86
J,806.5116279069767,0.008624651,0.012660967892326142,0.95564547051253,0.016128342445084726,86
JBHT,797.0,0.015256152,0.01200779403812819,0.37663154366898766,0.018396777766180185,86
JBL,1173.6627906976744,0.01691272,0.03275409608540035,1.1486464030214527,0.02328315206635341,86
JCI,902.7674418604652,0.009308608,0.02110632007564488,1.2626902504558695,0.016235926753062995,86
JKHY,1230.6279069767443,0.0072286963,0.00478814598078082,0.3511822020982642,0.014411296089247343,86
JNJ,1070.1744186046512,0.0058632134,0.01073627329735126,0.7976529271267454,0.010906499365433881,86
JPM,1387.1744186046512,0.008437689,0.017309725748190962,1.217554497873001,0.01575491341204678,86
KDP,1117.9186046511627,0.005828048,0.00342207084780532,0.5080303920673216,0.013797645182326736,86
KEY,1196.6744186046512,0.020763779,0.011950525648779714,0.6871209694718431,0.02339798433105907,86
KEYS,1111.546511627907,0.010840976,0.019686351656052238,0.9973514176515123,0.020154806373010557,86
KHC,1009.8372093023256,0.010460208,-0.0013236356567730998,0.13453729597710573,0.0160262279567227,86
KIM,1409.8488372093022,0.017023284,0.01182001242176624,0.7063701469598233,0.018781882941466883,86
KKR,833.5,0.01585803,0.023153359092563885,1.076599295695363,0.02216006966622429,86
KLAC,719.4767441860465,0.018528813,0.036299746856900975,1.3741482071562214,0.026051185242141037,86
KMB,1075.9651162790697,0.005663385,0.002795425643278652,0.2934228539933713,0.012823559094264041,86
KMI,1089.2558139534883,0.010046131,0.01463963695139472,0.9941401404864944,0.015659582656448446,86
KO,1225.0813953488373,0.006200951,0.009277044521857087,1.0164950461423528,0.011034409927641778,86
KR,1346.546511627907,0.011362821,0.015113946539135876,0.4001223270239475,0.016340181504049308,86
L,985.3953488372093,0.0067536607,0.011522649006529898,1.1545542331991474,0.01436961891854075,86
LDOS,1074.5697674418604,0.0075821057,0.015556234910270701,1.188982152956012,0.01623221338071488,86
LEN,1103.2209302325582,0.02297623,0.014852559979825946,0.5885985626910558,0.022614439369036614,86
LH,969.546511627907,0.01027449,0.012799950155474542,0.8405098946844028,0.015606446609104463,86
LHX,1302.3372093023256,0.0089446725,0.013584514825331141,0.6211450482567252,0.015300899250812499,86
LII,957.5116279069767,0.015602223,0.012147469352122029,0.6522669036339053,0.018885154984453104,86
LIN,1302.6511627906978,0.0056837155,0.01610549967622592,0.9674335370922417,0.013157462922603341,86
LITE,788.9302325581396,0.024351347,0.03833606310292435,1.1211175041286383,0.03043203974650651,86
LLY,765.6860465116279,0.010173038,0.02899754416897583,1.3151563773343602,0.01835025419701656,86
LMT,949.2674418604652,0.007020014,0.013266176340056534,0.8910828088829738,0.014162333115172199,86
LNT,874.3604651162791,0.004302847,0.00973073875778932,0.9762045176924744,0.012624173167091097,86
LOW,789.8488372093024,0.008216488,0.015173822587609903,0.8046745350720413,0.017103717647310633,86
LRCX,811.9186046511628,0.021859698,0.03753297594513494,1.3012609020592523,0.028023000463550222,86
LULU,1116.0813953488373,0.015351118,0.006801528422256125,0.5980035648690148,0.024113537120421094,86
LUV,1064.5813953488373,0.024152983,0.001902809875006393,0.16103350815272888,0.02300893139475336,86
LVS,743.4302325581396,0.020240702,0.0065500859710469796,0.5031644961003955,0.0245144001413749,86
LYB,829.0116279069767,0.017872658,0.00931305794021967,0.03809885109607963,0.020796137707645684,86
LYV,745.6511627906976,0.016463822,0.017439672402072334,0.8380873180997773,0.022882164474551974,86
MA,856.9186046511628,0.007985188,0.012913914130718655,0.9292902688613899,0.016029334391916943,86
MAA,791.1046511627907,0.0060430137,0.00707695775141259,0.8346015113113886,0.014303898549397473,86
MAR,1068.3372093023256,0.014920864,0.018288632438551788,0.9707433725169405,0.01960575593600725,86
MAS,1161.3372093023256,0.015689641,0.012285817004837503,0.5271351006567467,0.017953492030499,86
MCD,927.4069767441861,0.006391751,0.00970927934536969,0.9092549909504973,0.011560287971151157,86
MCHP,910.4651162790698,0.023580534,0.013538330472477527,0.4820884569628696,0.02557955274121021,86
MCK,1177.0581395348838,0.007449001,0.025306668900930137,1.4032856904176192,0.015762267423013065,86
MCO,1233.1046511627908,0.007678463,0.015131826557815342,1.2143514843092746,0.01598166049079138,86
MDLZ,1328.4418604651162,0.0069785574,0.005894951326954635,0.6556111157173765,0.012321007804418128,86
MDT,887.8488372093024,0.0060093165,0.004159318109002933,0.5523140240623942,0.014109572031880837,86
MET,861.3604651162791,0.010536899,0.01121532274475389,0.8209785018892013,0.017054027757523682,86
META,970.3953488372093,0.017697824,0.020727668314204552,1.0381194611279927,0.024394866089838065,86
MGM,1362.1279069767443,0.02509925,0.012742851924116986,0.4717409480043274,0.02629870757555872,86
MKC,1351.906976744186,0.006566757,0.0018198829797959608,0.5071692414670789,0.014771282896077853,86
MLM,1214.593023255814,0.010619042,0.017606543971803737,0.9900307866490238,0.017799011532231738,86
MMM,768.4418604651163,0.0064131706,0.004253225802331929,0.18081808384331993,0.017288623865618583,86
MNST,827.453488372093,0.008147561,0.013202630186189553,0.962738784947578,0.01475206273475359,86
MO,1204.9767441860465,0.0058415593,0.01231289684355267,0.730567523924552,0.01416466644001219,86
MOS,1212.3372093023256,0.029137928,0.006986150040874912,0.29010073420230553,0.02679958638792598,86
MPC,810.1046511627907,0.01976143,0.02613204680740394,1.0001124413451212,0.02300850290680007,86
MPWR,1038.2325581395348,0.023066599,0.03214349480200399,1.0884649232124572,0.02972321492263338,86
MRK,769.0581395348837,0.006294334,0.010630423298887772,0.7965719109488246,0.01394975833601445,86
MRSH,1298.9302325581396,0.0055350917,0.010977087511430493,1.0876835531064226,0.01246760860626667,86
MS,1025.0581395348838,0.01165384,0.0224145374644981,0.932342074235606,0.01841108890161017,86
MSCI,905.9186046511628,0.007821918,0.017379969444738474,1.1717804634516886,0.019636063021424524,86
MSFT,1354.1162790697674,0.007291243,0.017652253632495295,1.136172421796885,0.016425090197921162,86
MSI,787.7558139534884,0.006696646,0.01909174255146634,1.2464252081162301,0.014625109174672612,86
MTB,1025.3255813953488,0.0140877515,0.008808262590684698,0.6059869597829283,0.020331587206636772,86
MTD,1088.6046511627908,0.011517612,0.011226089423648116,0.6572364505709835,0.018251172280502784,86
MU,972.1744186046511,0.026792312,0.03451345187999444,0.8459519893070996,0.02970534258258559,86
NCLH,772.953488372093,0.030710852,0.009661317578651133,0.4929805521657667,0.03673520266274652,86
NDAQ,1101.7906976744187,0.007901997,0.015840037296495378,1.3548665988527202,0.014670249568029281,86
NDSN,1261.3255813953488,0.009717959,0.011783840117049766,0.9956898027938865,0.016268771515251197,86
NEE,963.6860465116279,0.0064602676,0.013001455857257416,0.9226804423636196,0.015943887458605453,86
NEM,829.0581395348837,0.016258558,0.021302503172509393,0.6052064839743838,0.021610314955733144,86
NFLX,1104.8837209302326,0.021426685,0.019042169999697833,0.9431740828255698,0.025456820879625273,86
NI,949.0697674418604,0.0056049884,0.01039388726079107,1.1082426593552024,0.013190492819398119,86
NKE,1147.2325581395348,0.009302139,-6.607520165203557e-05,0.06670218223929493,0.020720332707720807,86
NOC,905.6976744186046,0.007585239,0.014126553664372151,0.7798732327147276,0.015551047938702106,86
NOW,951.3604651162791,0.01770924,0.013929586220102387,0.9376771678925675,0.024813361596629616,86
NRG,1079.046511627907,0.014874824,0.023136944247030514,0.9859160683826187,0.021568458662595515,86
NSC,778.2325581395348,0.01029643,0.01111631084188492,0.5242470718266375,0.016304276716515614,86
NTAP,739.3255813953489,0.01265819,0.01180228729427777,0.392352521563462,0.02101314496223633,86
NTRS,905.3837209302326,0.012454983,0.010807547499322997,0.6919114547470673,0.018531823464017497,86
NUE,860.4186046511628,0.019520724,0.020856330542817783,0.7634638727101044,0.022517877943687533,86
NVDA,754.7093023255813,0.027298542,0.05514495232388262,1.4808879370060595,0.030598060760679776,86
NVR,1357.3837209302326,0.014583327,0.013722465011272562,0.7025427564011419,0.018820227992290574,86
NWS,885.9651162790698,0.010568122,0.01424216685797949,0.7282316683196897,0.017165687569981002,86
NWSA,961.046511627907,0.011473037,0.012612287280789168,0.6872755443889245,0.017083101967667436,86
NXPI,772.9186046511628,0.020755148,0.01595940319989047,0.6505006380228359,0.024664977597899224,86
O,1124.0116279069769,0.009779708,0.00529952061685317,0.782121804466055,0.01380856284740655,86
ODFL,1103.5813953488373,0.014679217,0.02132175706823214,0.8776940509859923,0.02071505076194737,86
OKE,757.7674418604652,0.01600898,0.020839211450388747,0.9669824799869623,0.0203433908740273,86
OMC,1152.0581395348838,0.011102477,0.005517435630397538,0.2862499522232,0.01726085556463741,86
ON,790.3604651162791,0.03100166,0.021891598598036837,0.6441544495506004,0.03142353201715223,86
ORCL,766.3837209302326,0.015725037,0.018510533938645143,0.5110791951996465,0.019551068283645164,86
ORLY,1045.5232558139535,0.008084139,0.01866483718904002,0.9045573912298125,0.014719318909759842,86
OXY,849.4883720930233,0.029360471,0.015403529484121894,0.08562529067369297,0.027392733963579732,86
PANW,1006.6395348837209,0.01622554,0.02292189426318705,1.0366504830589185,0.023877691626890626,86
PAYX,774.7790697674419,0.006889264,0.007584894207690704,0.7182799920250695,0.015030914932774088,86
PCAR,1317.546511627907,0.010615762,0.016843525700007734,0.8852117177081399,0.016135540218557863,86
PCG,808.5697674418604,0.028086292,0.015508594303505058,0.5325680066006965,0.028922796484285727,86
PEG,1012.2790697674419,0.00405641,0.008968797652495804,0.8185498564952427,0.013274898737245374,86
PEP,757.546511627907,0.006556531,0.007352232005407656,0.6585935120929851,0.01142125463808144,86
PFE,927.1860465116279,0.010856456,0.0020973646790436954,-0.028633659285001504,0.01515157099021635,86
PFG,1141.6860465116279,0.0113942595,0.013587167482853433,0.6622529200801144,0.018700937503546282,86
PG,1358.0,0.0038981265,0.008181644408679576,0.8506360083783083,0.01144654271599078,86
PGR,1028.3023255813953,0.009122002,0.01770159108781233,1.1091595474547291,0.014890525135306499,86
PH,994.1395348837209,0.012720096,0.025028556474897535,1.157450485496511,0.018459952405901304,86
PHM,1005.9651162790698,0.020245457,0.02435768850778388,1.1246861681640954,0.02255926721645375,86
PKG,790.2093023255813,0.010541982,0.014357216407644265,0.9013964620169549,0.016699874709298825,86
PLD,991.2906976744187,0.009633956,0.012920020651662914,1.0495308372075307,0.016355446588890345,86
PM,736.8139534883721,0.0073119598,0.015653958601424746,0.9918625118254836,0.014366582745923282,86
PNC,753.3372093023256,0.010253748,0.012810230375485553,0.9611595532746254,0.017671548893552748,86
PNR,897.1046511627907,0.014131564,0.013225717223796868,0.9938589693433371,0.01785877253553144,86
PNW,921.8139534883721,0.006407017,0.006994914191467167,0.6111747318887687,0.013352089080789336,86
PODD,1251.0116279069769,0.01947343,0.018012069750670073,0.456376210574256,0.02474241981532391,86
POOL,1397.6976744186047,0.017266007,0.008356700819133835,0.5899977963122336,0.020260205509827007,86
PPG,1372.2325581395348,0.009333825,0.004778755221642403,0.1825357227343479,0.016400017272644674,86
PPL,941.0348837209302,0.00630423,0.007642424758619119,0.6883121483748099,0.013033400656372447,86
PRU,738.3372093023256,0.009983198,0.008546480379088055,0.7856075318585004,0.01784190744054127,86
PSA,1034.093023255814,0.0046195816,0.008426223811468635,0.8346408742571836,0.014437383557362656,86
PSKY,837.4418604651163,0.031518,-0.0045872866991961804,-0.02608837852660207,0.029825127693451147,86
PSX,798.9418604651163,0.019343276,0.01692093758268205,0.6348872458522855,0.021588749620054908,86
PTC,1056.7558139534883,0.009270668,0.009836912137945318,0.703256469467178,0.02008456060708348,86
PWR,1215.1744186046512,0.01537986,0.03675996485708334,1.599381400283212,0.020835434639279848,86
PYPL,1386.2558139534883,0.0216361,-0.001766116250901577,0.28382300611332245,0.023863453667735998,86
QCOM,1052.9651162790697,0.01538068,0.018639250316149877,0.5331493334445649,0.023384400937491175,86
RCL,1058.5116279069769,0.023036448,0.027083786670092817,1.1828836647964536,0.031137376425116287,86
REG,1005.3139534883721,0.01307391,0.008060178997101933,0.7479482054312432,0.016195031024337968,86
REGN,1182.7790697674418,0.011520026,0.010855379881888973,0.4338481904955776,0.018725670165752186,86
RF,801.8953488372093,0.017516524,0.014587514146036509,0.7492958650740381,0.02133654968562459,86
RJF,984.3604651162791,0.010930317,0.015894028582817438,0.9052396211286409,0.01826955339105007,86
RL,938.0930232558139,0.020931395,0.020381780759145842,0.8620624254909945,0.023061131350204565,86
RMD,1206.0116279069769,0.0070635066,0.01425615403110941,0.9180781499641217,0.019718383671193267,86
ROK,1261.6744186046512,0.011306911,0.014490347432812993,0.7879997027417843,0.018753148463020394,86
ROL,969.8953488372093,0.007586391,0.012329441585124883,0.7621674348486013,0.016343368822647877,86
ROP,1036.6046511627908,0.0066274814,0.005320032330641811,0.6888710280420914,0.013912720554496064,86
ROST,1203.4883720930231,0.014458531,0.013997863322169537,0.8137252496974097,0.018921447733726532,86
RSG,836.9883720930233,0.0057222694,0.014951323676100033,1.4605471762006927,0.011380574747655399,86
RTX,813.3255813953489,0.008657988,0.016207655592724173,1.2034441677541445,0.01667406245001537,86
RVTY,791.8488372093024,0.013177653,0.003915658054515459,0.6239020404028746,0.01956191347791938,86
SATS,1313.639534883721,0.028356193,0.021013768050152565,0.2799798907857037,0.030935975897558508,86
SBAC,1245.0116279069769,0.011067324,0.0029224259838364513,0.5242946473755844,0.016973589200283547,86
SBUX,1262.6162790697674,0.008108932,0.008322566076606017,0.39441355919083876,0.017334085687202964,86
SCHW,833.0,0.01436428,0.013684951480472489,0.8936371081727073,0.019957364595482394,86
SHW,1051.406976744186,0.007912347,0.013486920314226297,1.0172998368144848,0.01588080953460311,86
SJM,711.4186046511628,0.008277869,0.003546695536955054,0.3349444658385069,0.0149421485426666,86
SLB,1000.7209302325581,0.028360661,0.01321688563143502,0.13156307707170103,0.02520403062019505,86
SMCI,843.0,0.04003235,0.04052333078728243,0.7356880385356578,0.04102425082237437,86
SNA,858.9651162790698,0.011057022,0.01390101242598534,0.8016398802076302,0.016207727595064295,86
SNPS,923.3953488372093,0.010815712,0.020877290038228767,1.281976677053459,0.02195712735552481,86
SO,942.1162790697674,0.004908898,0.012805047787464835,1.105996833741801,0.012417334535808129,86
SPG,1334.5697674418604,0.015924402,0.012118369217347621,0.7004581051325419,0.019815651684095468,86
SPGI,1001.0232558139535,0.0065851244,0.012502651639262393,1.1177565525091369,0.01492053608026361,86
SRE,985.5697674418604,0.0058713276,0.01045113141768721,0.9202011707468254,0.014441816169173467,86
STE,731.8488372093024,0.010615938,0.010962873036596398,0.8884946324752391,0.015168257703724219,86
STLD,1376.0232558139535,0.026714524,0.026426593463874833,0.9356312249315138,0.024173406935283883,86
STT,1052.6744186046512,0.015583129,0.013595876822244527,0.7823676842834009,0.0195484650138959,86
STX,1210.9302325581396,0.020402966,0.03513418978367574,1.2240526195805521,0.02462889888852863,86
STZ,1083.2209302325582,0.008462962,0.002526300172019059,0.25072398237161514,0.01573044962222455,86
SW,1192.7325581395348,0.011028268,0.011335961942257593,0.539976983807752,0.027032689286873714,86
SWK,1123.2674418604652,0.017027311,0.0008461246774612393,0.10473537600937449,0.022605176826709462,86
SWKS,1361.4186046511627,0.01863693,0.003455617761385896,0.43653847849812466,0.02353920385424584,86
SYF,1130.860465116279,0.022374995,0.01814585742986946,0.85785078520744,0.0232531201888217,86
SYK,947.6860465116279,0.004028821,0.010289577145256945,0.9632599661978565,0.01564269379904344,86
SYY,1188.3720930232557,0.01175851,0.007422003817468709,0.5344341037527188,0.016634065312833277,86
T,787.3255813953489,0.008138871,0.010948422683158671,0.7670998959844988,0.014802079714732037,86
TAP,866.4651162790698,0.012425546,0.0005789911763941762,0.07388964368776127,0.017268290897978333,86
TDG,1236.1279069767443,0.009111708,0.020661868706528756,1.5233073613258428,0.018798035867176096,86
TDY,903.3023255813954,0.008004949,0.014481848979450433,0.8948571932570494,0.016504490327975685,86
TECH,914.4418604651163,0.02027239,0.007161395595482119,0.2493071223498318,0.021118547676116997,86
TEL,986.5697674418604,0.011958598,0.015656617559518513,0.8833614883612753,0.017214076732263106,86
TER,752.9302325581396,0.020170376,0.03317129554269618,0.9299606453297113,0.028340716999335033,86
TFC,892.3139534883721,0.014479934,0.0070417501827240705,0.7780532450827863,0.02014915934927226,86
TGT,1398.546511627907,0.013474898,0.012688120647346195,0.522037725353647,0.02069786760050803,86
TJX,1153.0,0.011590949,0.016778735673085708,1.0524391697684539,0.01544349798952475,86
TKO,905.3488372093024,0.012889952,0.016947851131988288,0.8685504661743997,0.0219245263425266,86
TMO,782.9418604651163,0.0072410805,0.010792888476282396,0.7504924250455567,0.016531866304641093,86
TMUS,740.6046511627907,0.008667748,0.015290631132206413,0.8753509867414752,0.01505059605052781,86
TPL,1321.8953488372092,0.029162316,0.03490210565855059,0.5513582683598813,0.028295067262666552,86
TPR,972.046511627907,0.028336314,0.027064428565077,0.9125960719971228,0.026137774333768914,86
TRGP,991.1162790697674,0.022170318,0.039661693987455636,1.5353032517745884,0.02442349335590652,86
TRMB,1001.4069767441861,0.012890912,0.010573104040712423,0.8634347596453252,0.01951765533425767,86
TROW,1298.0116279069769,0.010931561,0.006223199924793236,0.4342865945863077,0.018180843484337253,86
TRV,823.7093023255813,0.007847054,0.013402646440373759,1.0122447836355057,0.014704920178626284,86
TSCO,1380.9186046511627,0.014472654,0.015186340247707708,0.6764816337216281,0.01762540098873661,86
TSLA,992.2325581395348,0.031686906,0.04926671386186349,0.9920269546533913,0.03809846272978128,86
TSN,777.4883720930233,0.010552674,0.0055026363969198295,0.592799207693583,0.01586634180554028,86
TT,800.0232558139535,0.01120169,0.02388036578594649,1.2743140220389602,0.016933382540636543,86
TTD,875.3953488372093,0.03712714,0.020781979222230094,0.7482597217440677,0.037836658222993064,86
TTWO,1100.0348837209303,0.012069126,0.010815686129077238,0.8815206046105901,0.019377416064820952,86
TXN,757.1976744186046,0.012100838,0.013126833611097533,0.6386310181809983,0.01908200261900067,86
TXT,1327.093023255814,0.015171112,0.009778604908290384,0.5522482839351794,0.019792672290141682,86
TYL,791.4302325581396,0.008023194,0.00958238538304298,0.8768409058534948,0.017885419647140598,86
UAL,953.1627906976744,0.030327188,0.010650503365976543,0.2603705450140522,0.029523686130626028,86
UDR,897.4767441860465,0.008664815,0.00220137970547627,0.476119338675851,0.015086706159255375,86
UHS,758.1046511627907,0.014206503,0.00874485512122608,0.6349660717209953,0.02053162185380887,86
ULTA,1250.8023255813953,0.016443804,0.013066321621777417,0.7586341546368375,0.022630910247656597,86
UNH,1019.5813953488372,0.009553125,0.0049050305708258695,0.4131078676459029,0.01790041477231155,86
UNP,1099.8139534883721,0.008201642,0.009064962965166809,0.616165849367596,0.01514174257026935,86
UPS,1285.9883720930231,0.0026909849,0.006129897251437126,0.05545561106019098,0.018308905784132606,86
URI,732.3023255813954,0.021129047,0.028239098472756182,0.9087203252029518,0.0253970025229586,86
USB,1290.546511627907,0.011966024,0.007361487519365145,0.6557757460620972,0.01849256284663739,86
V,1147.0116279069769,0.00707913,0.011902411774433042,0.8600761193737989,0.014519498332234015,86
VICI,1255.3953488372092,0.01176844,0.009550376595658668,1.0192760198604893,0.014935930110151928,86
VLO,811.0930232558139,0.02290222,0.023299280885230724,0.7678435822603338,0.024449619616714463,86
VMC,1126.0232558139535,0.0121241445,0.014739770853784941,0.8166055795576579,0.017259110969814164,86
VRSK,1339.6511627906978,0.0052347514,0.008597032231044018,0.9471404381790525,0.014166475173601378,86
VRSN,793.8139534883721,0.0057576154,0.006876615558431031,0.6972793283622067,0.015297202193532323,86
VRTX,924.3255813953489,0.009527235,0.012805616484321948,0.8510752653702365,0.01766423719919376,86
VST,1067.0348837209303,0.018442892,0.02963325837233283,1.1559550308607438,0.025390862616815894,86
VTR,1180.453488372093,0.011539393,0.011533538798252675,0.9124986029795464,0.018289576779098905,86
VTRS,1000.6046511627907,0.014557257,-0.0011918845535621697,0.027479795440981558,0.021889859833159386,86
VZ,1039.4651162790697,0.0048690108,0.0051241738819557195,0.3324644902799979,0.012708202509460788,86
WAB,1045.4186046511627,0.013202975,0.01889766101280203,1.1287711726047915,0.018506430610912922,86
WAT,813.3023255813954,0.012567867,0.007046639244147512,0.6136950056952503,0.018811195866613974,86
WBD,1368.1627906976744,0.027473358,0.008530967325616963,0.16127179304038605,0.029741024741438988,86
WDAY,745.4883720930233,0.01654937,0.0012992706524745654,0.3780086221596805,0.023902278578663092,86
WDC,1009.2093023255813,0.026904283,0.03529771830573277,1.148249512760564,0.03003682259723164,86
WEC,755.3953488372093,0.0069638635,0.009514200859974311,0.8345302472790059,0.012566978528045602,86
WELL,882.9302325581396,0.011248886,0.01708824520662793,1.3420106210814045,0.017259528109978266,86
WFC,824.2906976744187,0.016822124,0.01204559630779206,0.7005994197616875,0.01932352568603315,86
WM,1258.953488372093,0.004023848,0.013180804400365637,1.2157661170309795,0.011858118459839355,86
WMB,1202.7093023255813,0.011675804,0.0196988634379266,1.2166254402286742,0.016591127732124875,86
WMT,1191.4651162790697,0.004507671,0.018582476453623608,1.0370493153160614,0.012475160384019782,86
WRB,1135.9883720930231,0.0072071436,0.016514728455232254,1.1619099298183775,0.01516797491363101,86
WSM,896.9767441860465,0.027863786,0.032437597585717966,0.7951936913125165,0.02791901831144922,86
WST,812.6860465116279,0.011639589,0.014530804318102226,0.9508711209609253,0.021315320590071265,86
WTW,723.7790697674419,0.0076295873,0.009799157883767791,0.917584628476215,0.014785913893649255,86
WY,737.8255813953489,0.014308484,0.006876863960923091,0.383986286690213,0.0183906162981284,86
WYNN,944.4651162790698,0.026085872,0.00756439235293273,0.34015172118256226,0.027192171685410882,86
XEL,1106.1511627906978,0.0039807633,0.008896246743141054,0.8840387148156981,0.013023137422859718,86
XOM,1263.0348837209303,0.014367953,0.01760112555543808,0.6652528391529743,0.017422386083358346,86
XYL,1069.3953488372092,0.009927024,0.009662367830425346,0.8617755988938854,0.016247565497053272,86
XYZ,1268.3023255813953,0.032988634,0.010789466656191807,0.4638866601004472,0.03427341231935253,86
YUM,957.0116279069767,0.004132953,0.009946318097606042,0.8054318582521351,0.013190329661059751,86
ZBH,923.5697674418604,0.008547315,0.0017600056312412336,0.47295415868665935,0.016360765738351653,86
ZBRA,1327.0116279069769,0.016175706,0.008395491924993002,0.6722184505045313,0.023205391408030074,86
ZTS,755.1511627906976,0.0105904555,0.006838499063314421,0.7232269432735982,0.01563607977033386,86
